-- phpMyAdmin SQL Dump
-- version 4.7.4
-- https://www.phpmyadmin.net/
--
-- Host: 127.0.0.1
-- Generation Time: Nov 09, 2017 at 11:52 AM
-- Server version: 10.1.28-MariaDB
-- PHP Version: 7.1.10

SET SQL_MODE = "NO_AUTO_VALUE_ON_ZERO";
SET AUTOCOMMIT = 0;
START TRANSACTION;
SET time_zone = "+00:00";


/*!40101 SET @OLD_CHARACTER_SET_CLIENT=@@CHARACTER_SET_CLIENT */;
/*!40101 SET @OLD_CHARACTER_SET_RESULTS=@@CHARACTER_SET_RESULTS */;
/*!40101 SET @OLD_COLLATION_CONNECTION=@@COLLATION_CONNECTION */;
/*!40101 SET NAMES utf8mb4 */;

--
-- Database: `news`
--

-- --------------------------------------------------------

--
-- Table structure for table `migrations`
--

CREATE TABLE `migrations` (
  `id` int(10) UNSIGNED NOT NULL,
  `migration` varchar(255) COLLATE utf8_unicode_ci NOT NULL,
  `batch` int(11) NOT NULL
) ENGINE=InnoDB DEFAULT CHARSET=utf8 COLLATE=utf8_unicode_ci;

--
-- Dumping data for table `migrations`
--

INSERT INTO `migrations` (`id`, `migration`, `batch`) VALUES
(1, '2014_10_12_000000_create_users_table', 1),
(2, '2014_10_12_100000_create_password_resets_table', 1),
(3, '2017_10_23_083505_create_terms_table', 1),
(4, '2017_10_26_061742_create_news-posts_table', 1),
(5, '2017_10_26_083002_create_term_relation_table', 1),
(6, '2017_11_02_093314_create_widgets_table', 1);

-- --------------------------------------------------------

--
-- Table structure for table `news-posts`
--

CREATE TABLE `news-posts` (
  `id` int(10) UNSIGNED NOT NULL,
  `user_id` int(11) NOT NULL,
  `title` varchar(255) COLLATE utf8_unicode_ci NOT NULL,
  `post` longtext COLLATE utf8_unicode_ci NOT NULL,
  `tags` varchar(255) COLLATE utf8_unicode_ci NOT NULL,
  `thumbail` varchar(255) COLLATE utf8_unicode_ci NOT NULL,
  `video_link` varchar(255) COLLATE utf8_unicode_ci NOT NULL,
  `views` int(11) NOT NULL,
  `status` int(11) NOT NULL,
  `created_at` timestamp NULL DEFAULT CURRENT_TIMESTAMP,
  `updated_at` timestamp NULL DEFAULT NULL,
  `deleted_at` timestamp NULL DEFAULT NULL
) ENGINE=InnoDB DEFAULT CHARSET=utf8 COLLATE=utf8_unicode_ci;

--
-- Dumping data for table `news-posts`
--

INSERT INTO `news-posts` (`id`, `user_id`, `title`, `post`, `tags`, `thumbail`, `video_link`, `views`, `status`, `created_at`, `updated_at`, `deleted_at`) VALUES
(3, 1, 'প্রকাশ্যেই অভিনেত্রীর সঙ্গে গভীর চুম্বনে আত্মহারা কেট উইন্সলেট', '<div><span style=\"font-family: \" helvetica=\"\" neue\",=\"\" helvetica,=\"\" arial,=\"\" sans-serif;=\"\" font-size:=\"\" 14px;\"=\"\">বিনোদন ডেস্ক, ৭ নভেম্বর : প্রকাশ্যেই গভীর চুম্বনে আত্মহারা হলেন দু’‌জন। যা দেখে ‌হলিউড ফিল্ম অ্যাওয়ার্ডে অনুষ্ঠানে আগত দর্শকরা হলেন মুগ্ধ।</span></div><div><span style=\"font-family: \" helvetica=\"\" neue\",=\"\" helvetica,=\"\" arial,=\"\" sans-serif;=\"\" font-size:=\"\" 14px;\"=\"\">কারন যে দু’‌জন চুম্বনে আত্মহারা হলেন তার যে নারী। বলছিলাম টাইটানিক খ্যাত কেট উইন্সলেট ও আরেক হলিউড অভিনেত্রী অ্যালিসন জেনির কথা।</span><br style=\"margin: 0px; padding: 0px; outline: 0px; font-family: \" helvetica=\"\" neue\",=\"\" helvetica,=\"\" arial,=\"\" sans-serif;=\"\" font-size:=\"\" 14px;\"=\"\"><br style=\"margin: 0px; padding: 0px; outline: 0px; font-family: \" helvetica=\"\" neue\",=\"\" helvetica,=\"\" arial,=\"\" sans-serif;=\"\" font-size:=\"\" 14px;\"=\"\"><span style=\"font-family: \" helvetica=\"\" neue\",=\"\" helvetica,=\"\" arial,=\"\" sans-serif;=\"\" font-size:=\"\" 14px;\"=\"\">পরিচালক উডি অ্যালেনের ‘‌ওয়ান্ডার হুইল’‌-এর জন্য সেরা অভিনেত্রীর পুরস্কার নিতে মঞ্চে হাজির হয়েছিলেন টাইটানিক খ্যাত কেট উইন্সলেট। পুরস্কার নেওয়ার পর তিনি তাঁর ভালবাসা আর এক অভিনেত্রী অ্যালিসন জেনিকে না দেখিয়ে থাকতে পারলেন না। মঞ্চেই কেট গভীর চুম্বন দিলেন অ্যালিসনের ঠোঁটে।</span><br style=\"margin: 0px; padding: 0px; outline: 0px; font-family: \" helvetica=\"\" neue\",=\"\" helvetica,=\"\" arial,=\"\" sans-serif;=\"\" font-size:=\"\" 14px;\"=\"\"><br style=\"margin: 0px; padding: 0px; outline: 0px; font-family: \" helvetica=\"\" neue\",=\"\" helvetica,=\"\" arial,=\"\" sans-serif;=\"\" font-size:=\"\" 14px;\"=\"\"><span style=\"font-family: \" helvetica=\"\" neue\",=\"\" helvetica,=\"\" arial,=\"\" sans-serif;=\"\" font-size:=\"\" 14px;\"=\"\">কেট পুরস্কার নেওয়ার পর জানান, অ্যালিসন জেনির মত এমন এক কিংবদন্তী অভিনেত্রীর সঙ্গে তিনি একই ঘরে থাকতে পেরে নিজেকে ‘‌ধন্য’‌ মনে করছেন। অ্যালিসন ‘‌ওয়েস্ট উইং’‌–এ অভিনয় করেছেন।</span><br style=\"margin: 0px; padding: 0px; outline: 0px; font-family: \" helvetica=\"\" neue\",=\"\" helvetica,=\"\" arial,=\"\" sans-serif;=\"\" font-size:=\"\" 14px;\"=\"\"><br style=\"margin: 0px; padding: 0px; outline: 0px; font-family: \" helvetica=\"\" neue\",=\"\" helvetica,=\"\" arial,=\"\" sans-serif;=\"\" font-size:=\"\" 14px;\"=\"\"><span style=\"font-family: \" helvetica=\"\" neue\",=\"\" helvetica,=\"\" arial,=\"\" sans-serif;=\"\" font-size:=\"\" 14px;\"=\"\">তার সেই অভিনয়ে অভিভূত কেট বলেন, ‘‌অ্যালিসন জেনি, আমি জানি, আপনাকে আমি ঠিক করে চিনি না, কিন্তু তাও আপনার সংস্পর্শে থাকতে চাই। মানে হয়ত আমরা সব সময় একে অপরকে চুম্বন করতে পারি।</span><br style=\"margin: 0px; padding: 0px; outline: 0px; font-family: \" helvetica=\"\" neue\",=\"\" helvetica,=\"\" arial,=\"\" sans-serif;=\"\" font-size:=\"\" 14px;\"=\"\"><span style=\"font-family: \" helvetica=\"\" neue\",=\"\" helvetica,=\"\" arial,=\"\" sans-serif;=\"\" font-size:=\"\" 14px;\"=\"\">’‌</span><br style=\"margin: 0px; padding: 0px; outline: 0px; font-family: \" helvetica=\"\" neue\",=\"\" helvetica,=\"\" arial,=\"\" sans-serif;=\"\" font-size:=\"\" 14px;\"=\"\"><span style=\"font-family: \" helvetica=\"\" neue\",=\"\" helvetica,=\"\" arial,=\"\" sans-serif;=\"\" font-size:=\"\" 14px;\"=\"\">কেটের এই কথায় অনুষ্ঠানে আগত অতিথিরা হাসিতে ফেটে পড়েন। তবে কেটের কথা রেখেছেন অ্যালিসন। তিনি উঠে আসেন স্টেজে এবং কেট চুম্বনে ভরিয়ে দেন অ্যালিসনের ঠোঁটে। কেট এরপর অ্যালিসনকে ধন্যবাদ জানিয়ে বলেন, ‘‌আপনাকে অনেক ধন্যবাদ। এই মুহূর্তটা আমি কিছুক্ষণ রুদ্ধশ্বাস হয়ে উপভোগ করতে চাই। ’‌</span></div>', 'কেট উইন্সলেট,গভীর চুম্বন', '2017-11-08.INDRO-5a02bedd6a573.jpg', '', 6, 0, '2017-11-08 02:19:35', '2017-11-09 03:12:39', NULL),
(4, 1, 'ফুলবাড়ীতে জাকের পার্টির আজিমুশ্বান ইসলামী জলছায় মানুষের ঢল', '<span style=\"font-family: &quot;Helvetica Neue&quot;, Helvetica, Arial, sans-serif; font-size: 14px;\">জাহাঙ্গীর আলম, কুড়িগ্রাম, ৭ নভেম্বর : কুড়িগ্রামের ফুলবাড়ীতে সদর ইউনিয়নের পশ্চিম পানিমাছকুটির মরুহুম আব্দুর রহমান মেম্বার এর যমজ ছেলে জাকের পার্টির ভক্ত হাসেম ও কাসেমের বাড়ীতে এক আজিমুশ্বান ইসলামী জলছা অনুষ্ঠিত হয়েছে। এতে উপজেলা জাকের পার্টির সভাপতি আলী হোসেন এর সভাতিত্বে প্রাধান অতিথি হিসেবে উপস্থিত ছিলেন জেলা জাকের পার্টির সভাপতি মো: সাহেব আলী ।</span><br style=\"margin: 0px; padding: 0px; outline: 0px; font-family: &quot;Helvetica Neue&quot;, Helvetica, Arial, sans-serif; font-size: 14px;\"><br style=\"margin: 0px; padding: 0px; outline: 0px; font-family: &quot;Helvetica Neue&quot;, Helvetica, Arial, sans-serif; font-size: 14px;\"><span style=\"font-family: &quot;Helvetica Neue&quot;, Helvetica, Arial, sans-serif; font-size: 14px;\">জলছায় বিশেষ অতিথি হিসেবে উপস্থিত ছিলেন, উপজেলা নিবার্হী অফিসার দেবেন্দ্র নাথ উরাঁও,আওয়ামীলীগের সিনিয়ার সহসভাপতি শাহজাহান আলী বাদশা,উপজেলা আওয়ামীলীগের সাংগঠনিক সম্পাদক ও সদর ইউপি চেয়ারম্যান হারুন অর রশিদ,উপজেলা ছাত্রলীগের সভাপতি এমদাদুল হক মিলন, উপ সহকারী প্রকৌশলী(ত্রাণ) তৌহিদ-উল ইসলাম প্রমুখ।</span><br style=\"margin: 0px; padding: 0px; outline: 0px; font-family: &quot;Helvetica Neue&quot;, Helvetica, Arial, sans-serif; font-size: 14px;\"><br style=\"margin: 0px; padding: 0px; outline: 0px; font-family: &quot;Helvetica Neue&quot;, Helvetica, Arial, sans-serif; font-size: 14px;\"><span style=\"font-family: &quot;Helvetica Neue&quot;, Helvetica, Arial, sans-serif; font-size: 14px;\">জলসায় প্রধান বক্তা হিসেবে কুরআন-হাদিস নিয়ে তরিকতের ওপর বয়ান করেন বিশিষ্ট ইসলামী চিন্তাবীদ লেখক গবেষক ও দলিল ভিত্তিক আলোচক মুফতি মাওলানা আলাউদ্দিন জেহাদী। দ্বিতীয় বক্তা হিসেবে বয়ান করেন হাফেজ মো:খোরেশেদ আলম উলিপুরী।</span><br style=\"margin: 0px; padding: 0px; outline: 0px; font-family: &quot;Helvetica Neue&quot;, Helvetica, Arial, sans-serif; font-size: 14px;\"><br style=\"margin: 0px; padding: 0px; outline: 0px; font-family: &quot;Helvetica Neue&quot;, Helvetica, Arial, sans-serif; font-size: 14px;\"><span style=\"font-family: &quot;Helvetica Neue&quot;, Helvetica, Arial, sans-serif; font-size: 14px;\">এসময় উপজেলা জাকের পার্টি ও তার অঙ্গসংগঠনের নেতা, ইউনিয়ন, ওয়ার্ড ও গ্রামপর্যায়ে নেতা-কর্মীসহ সব স্তরের হাজার হাজার জাকেরান-আশেকান ও মোমিন-মুসলমানদের সমাগম ঘটে। বাদ আসর থেকে ওয়াজ-নসিহত, জিকির-আজগার, মিলাদ-মাহফিল ও তবারক বিতরণের মধ্য দিয়ে রাত ১২টার দিকে এ জলসা সমাপ্ত হয়।</span>', 'কুড়িগ্রাম', '2017-11-08.INDRO-5a02c9c6e16ca.jpg', '', 0, 0, '2017-11-08 03:09:26', '2017-11-08 03:09:26', NULL),
(5, 1, 'গায়ে কেরোসিন ঢেলে গৃহবধূ হত্যাচেষ্টা, অভিযোগ পরিবারের', '<span style=\"font-family: \" helvetica=\"\" neue\",=\"\" helvetica,=\"\" arial,=\"\" sans-serif;=\"\" font-size:=\"\" 14px;\"=\"\">ঢাকা, ৮ নভেম্বর : রাজধানীর কামরাঙ্গীর চরে লিপি আক্তার (২৫) নামে এক গৃহবধূর গায়ে কেরোসিন ঢেলে হত্যাচেষ্টার অভিযোগ উঠেছে স্বামীর বিরুদ্ধে। দগ্ধ ওই গৃহবধূর শরীরের ৪০ শতাংশ পুড়ে গেছে। বধুবার ভোর রাত ৩টার দিকে কামরাঙ্গীর চরের আলী নগর তিন নং গলিতে এই ঘটনা ঘটে।</span><br style=\"margin: 0px; padding: 0px; outline: 0px; font-family: \" helvetica=\"\" neue\",=\"\" helvetica,=\"\" arial,=\"\" sans-serif;=\"\" font-size:=\"\" 14px;\"=\"\"><br style=\"margin: 0px; padding: 0px; outline: 0px; font-family: \" helvetica=\"\" neue\",=\"\" helvetica,=\"\" arial,=\"\" sans-serif;=\"\" font-size:=\"\" 14px;\"=\"\"><span style=\"font-family: \" helvetica=\"\" neue\",=\"\" helvetica,=\"\" arial,=\"\" sans-serif;=\"\" font-size:=\"\" 14px;\"=\"\">গৃহবধূর স্বজনরা জানান, রাত ৩টার দিকে স্বামী জাহাঙ্গীর হোসেন ও দেবর রনি অগ্নিদগ্ধ অবস্থায় তাকে উদ্ধার করে ঢাকা মেডিকেল কলেজ হাসপাতালের নিয়ে এলে কর্তব্যরত চিকিৎসক তাকে বার্ণ ইউনিটে ভর্তি করেন।</span><br style=\"margin: 0px; padding: 0px; outline: 0px; font-family: \" helvetica=\"\" neue\",=\"\" helvetica,=\"\" arial,=\"\" sans-serif;=\"\" font-size:=\"\" 14px;\"=\"\"><br style=\"margin: 0px; padding: 0px; outline: 0px; font-family: \" helvetica=\"\" neue\",=\"\" helvetica,=\"\" arial,=\"\" sans-serif;=\"\" font-size:=\"\" 14px;\"=\"\"><span style=\"font-family: \" helvetica=\"\" neue\",=\"\" helvetica,=\"\" arial,=\"\" sans-serif;=\"\" font-size:=\"\" 14px;\"=\"\">এদিকে লিপির মা হাজেরা বেগম অভিযোগ করেন, “যৌতুকের জন্য জাহাঙ্গীর প্রায় লিপিকে মারধর করতো। কিছুদিন আগে তাকে ৫৫ হাজার টাকা দিয়েছি। এখন আবার সে টাকা চাইছে। টাকা নিয়ে সে জুয়া খেলে। জুয়ায় হেরে এসে সে মেয়েকে টাকার জন্য চাপ দেয়। জাহাঙ্গীর টাকা জন্যই আমার মেয়ের গায়ে কেরোসিন ঢেলে তাকে মারার চেষ্টা করেছে।”</span><br style=\"margin: 0px; padding: 0px; outline: 0px; font-family: \" helvetica=\"\" neue\",=\"\" helvetica,=\"\" arial,=\"\" sans-serif;=\"\" font-size:=\"\" 14px;\"=\"\"><br style=\"margin: 0px; padding: 0px; outline: 0px; font-family: \" helvetica=\"\" neue\",=\"\" helvetica,=\"\" arial,=\"\" sans-serif;=\"\" font-size:=\"\" 14px;\"=\"\"><span style=\"font-family: \" helvetica=\"\" neue\",=\"\" helvetica,=\"\" arial,=\"\" sans-serif;=\"\" font-size:=\"\" 14px;\"=\"\">অভিযোগ অস্বীকার করে লিপির স্বামী ফল ব্যবসায়ী জাহাঙ্গীর বলেন, “কোনো কারণ ছাড়াই লিপি রান্না ঘরে গিয়ে নিজের গায়ে নিজে কেরোসিন ঢেলে আত্মহত্যার চেষ্টা করে। ওই সময় ঘরে পোড়া গন্ধ পেয়ে দ্রুত রান্না ঘরে গিয়ে দেখি লিপি নিজের গায়ে আগুন লেগেছে। পরে দ্রুত আগুন নিভিয়ে ফেলে তাকে ঢাকা মেডিকেল কলেজ হাসপাতালে নিয়ে আসি।”</span><br style=\"margin: 0px; padding: 0px; outline: 0px; font-family: \" helvetica=\"\" neue\",=\"\" helvetica,=\"\" arial,=\"\" sans-serif;=\"\" font-size:=\"\" 14px;\"=\"\"><br style=\"margin: 0px; padding: 0px; outline: 0px; font-family: \" helvetica=\"\" neue\",=\"\" helvetica,=\"\" arial,=\"\" sans-serif;=\"\" font-size:=\"\" 14px;\"=\"\"><span style=\"font-family: \" helvetica=\"\" neue\",=\"\" helvetica,=\"\" arial,=\"\" sans-serif;=\"\" font-size:=\"\" 14px;\"=\"\">চিকিৎসকরা জানান, লিপির শরীরের ৪০ শতাংশ পুড়ে গেছে। তার অবস্থা আশঙ্কাজনক।</span><br style=\"margin: 0px; padding: 0px; outline: 0px; font-family: \" helvetica=\"\" neue\",=\"\" helvetica,=\"\" arial,=\"\" sans-serif;=\"\" font-size:=\"\" 14px;\"=\"\"><br style=\"margin: 0px; padding: 0px; outline: 0px; font-family: \" helvetica=\"\" neue\",=\"\" helvetica,=\"\" arial,=\"\" sans-serif;=\"\" font-size:=\"\" 14px;\"=\"\"><span style=\"font-family: \" helvetica=\"\" neue\",=\"\" helvetica,=\"\" arial,=\"\" sans-serif;=\"\" font-size:=\"\" 14px;\"=\"\">এব্যাপারে ঢামেক পুলিশ ফাঁড়ির ইনচার্জ এসআই বাচ্চু মিয়া জানান, গৃহবধূ লিপিকে বার্ণ ইউনিটে চিকিৎসা দেয়া হচ্ছে। পাশাপাশি তার স্বামী ও দেবরকে চিকিৎসা দেয়া হচ্ছে। আগুন নেভাতে গিয়ে লিপির স্বামী জাহাঙ্গীরের বাম হাত পুড়ে গেছে। এসময় তার ভাইয়ের হাতেও আগুন লেগেছে। তাকে প্রাথমিক চিকিৎসা দেয়া হয়েছে।</span>', 'পুলিশ ', '2017-11-08.INDRO-5a02ca403b66a.jpg', '', 0, 0, '2017-11-08 03:11:28', '2017-11-08 04:32:51', NULL),
(6, 1, '‘মিস ওয়ার্ল্ড’-এ জেসিয়াকে ভোট দিন', '<span style=\"font-family: &quot;Helvetica Neue&quot;, Helvetica, Arial, sans-serif; font-size: 14px;\">বিনোদন ডেস্ক, ৭ নভেম্বর : ‘মিস ওয়ার্ল্ড’ প্রতিযোগিতায় অংশ নিয়েছেন ‘মিস ওয়ার্ল্ড বাংলাদেশ’ জেসিয়া ইসলাম। দর্শকদের এ অনুষ্ঠানের সঙ্গে সম্পৃক্ত করতে ইতিমধ্যে ভোট গ্রহণ শুরু হয়েছে। প্রতিযোগিতার ‘হেড টু হেড চ্যালেঞ্জ’ পর্বে জেসিয়াকে জয়ী করতে বাংলাদেশের যে কেউ ভোট দিতে পারবেন। বিজয়ীর নাম ঘোষণার আগে পর্যন্ত জেসিয়াকে ভোট দেওয়ার সুযোগ থাকবে। ভোট দিতে চাইলে যা করতে হবে—</span><br style=\"margin: 0px; padding: 0px; outline: 0px; font-family: &quot;Helvetica Neue&quot;, Helvetica, Arial, sans-serif; font-size: 14px;\"><br style=\"margin: 0px; padding: 0px; outline: 0px; font-family: &quot;Helvetica Neue&quot;, Helvetica, Arial, sans-serif; font-size: 14px;\"><span style=\"font-family: &quot;Helvetica Neue&quot;, Helvetica, Arial, sans-serif; font-size: 14px;\">প্রথমেই যেতে হবে ‘মিস ওয়ার্ল্ড’-এর ওয়েবসাইটে www.missworld.com। ভোট দেওয়ার জন্য প্রথমে এই ওয়েবসাইটে নিবন্ধন করতে হবে। নিবন্ধনের জন্য ওয়েবসাইটের স্ক্রিনের ডান দিকের log in আইকনে ক্লিক করতে হবে। sign up অপশনে ক্লিক করে নিজের নাম, ই-মেইল ঠিকানা ও পাসওয়ার্ড দিয়ে নিবন্ধন করতে হবে। আর আগে থেকেই নিবন্ধন করা থাকলে sign in অপশনে গিয়ে শুধু নিবন্ধিত নাম ও ই-মেইল ঠিকানা দিয়েই ভোট করতে পারবেন।</span><br style=\"margin: 0px; padding: 0px; outline: 0px; font-family: &quot;Helvetica Neue&quot;, Helvetica, Arial, sans-serif; font-size: 14px;\"><br style=\"margin: 0px; padding: 0px; outline: 0px; font-family: &quot;Helvetica Neue&quot;, Helvetica, Arial, sans-serif; font-size: 14px;\"><span style=\"font-family: &quot;Helvetica Neue&quot;, Helvetica, Arial, sans-serif; font-size: 14px;\">নিবন্ধনের পর ওয়েবসাইটের vote অপশনে গিয়ে জেসিয়ার পেজে ঢুকতে হবে। পেজের নিচে বাম দিকে vote for me লেখা অপশনে ক্লিক করলেই জেসিয়া পাবেন একটি ভোট।</span><br style=\"margin: 0px; padding: 0px; outline: 0px; font-family: &quot;Helvetica Neue&quot;, Helvetica, Arial, sans-serif; font-size: 14px;\"><br style=\"margin: 0px; padding: 0px; outline: 0px; font-family: &quot;Helvetica Neue&quot;, Helvetica, Arial, sans-serif; font-size: 14px;\"><span style=\"font-family: &quot;Helvetica Neue&quot;, Helvetica, Arial, sans-serif; font-size: 14px;\">ইতিমধ্যে বাংলাদেশের প্রতিযোগী জেসিয়া ইসলাম ১৫.১৮ শতাংশ ভোট পেয়েছেন। ভোটের সংখ্যায় তিনি এখন দ্বিতীয় অবস্থানে আছেন। শীর্ষে আছেন নেপালের প্রতিযোগী নিকিতা চন্দ্রক। ‘হেড টু হেড’ চ্যালেঞ্জ’ পর্বের জন্য বাংলাদেশসহ ১২০ দেশের প্রতিযোগীকে ভাগ করা হয়েছে ২০টি দলে। প্রতি গ্রুপে আছেন ছয়জন। এর মধ্যে ছয় নম্বর গ্রুপে আছেন জেসিয়া। এই গ্রুপে তাঁর প্রতিদ্বন্দ্বী ব্রাজিল, দক্ষিণ আফ্রিকা, কানাডা, ইথিওপিয়া ও বতসোয়ানার সুন্দরীরা।</span>', 'Jasiya', '2017-11-08.INDRO-5a02ca8c17d7c.jpg', '', 10, 0, '2017-11-08 03:12:44', '2017-11-09 03:52:35', NULL),
(7, 1, 'সৌদি আরবে গৃহবন্দি ইয়েমেনের প্রেসিডেন্ট', '<span style=\"font-family: \" helvetica=\"\" neue\",=\"\" helvetica,=\"\" arial,=\"\" sans-serif;=\"\" font-size:=\"\" 14px;\"=\"\">আন্তর্জাতিক ডেস্ক, ৮ নভেম্বর : ইয়েমেনের প্রেসিডেন্ট আব্দ রাব্বু মানসুর হাদিকে গৃহবন্দি করেছে সৌদি আরব। তার সঙ্গে আছেন তার কয়েকজন পুত্র, মন্ত্রী ও সামরিক কর্মকর্তারা। দেশটির আঞ্চলিক মিত্র সংযুক্ত আরব আমিরাতের সঙ্গে হাদি’র দ্বন্দ্ব তৈরি হওয়ার পর এই ব্যবস্থা নেয় সৌদি সরকার।</span><br style=\"margin: 0px; padding: 0px; outline: 0px; font-family: \" helvetica=\"\" neue\",=\"\" helvetica,=\"\" arial,=\"\" sans-serif;=\"\" font-size:=\"\" 14px;\"=\"\"><br style=\"margin: 0px; padding: 0px; outline: 0px; font-family: \" helvetica=\"\" neue\",=\"\" helvetica,=\"\" arial,=\"\" sans-serif;=\"\" font-size:=\"\" 14px;\"=\"\"><span style=\"font-family: \" helvetica=\"\" neue\",=\"\" helvetica,=\"\" arial,=\"\" sans-serif;=\"\" font-size:=\"\" 14px;\"=\"\">ইয়েমেনে সৌদি আরবের গুরুত্বপূর্ণ মিত্র হিসেবে পরিচিত হাদি। গত ফেব্রুয়ারিতে ইয়েমেনে হুতি বিদ্রোহীদের আক্রমণের মুখে মিত্র দেশ সৌদি আরবে পালান তিনি। তার সমর্থনে হুতিদের ওপর সামরিক হামলা চালিয়ে আসছে সৌদি নেতৃত্বাধীন সামরিক জোট।</span><br style=\"margin: 0px; padding: 0px; outline: 0px; font-family: \" helvetica=\"\" neue\",=\"\" helvetica,=\"\" arial,=\"\" sans-serif;=\"\" font-size:=\"\" 14px;\"=\"\"><br style=\"margin: 0px; padding: 0px; outline: 0px; font-family: \" helvetica=\"\" neue\",=\"\" helvetica,=\"\" arial,=\"\" sans-serif;=\"\" font-size:=\"\" 14px;\"=\"\"><span style=\"font-family: \" helvetica=\"\" neue\",=\"\" helvetica,=\"\" arial,=\"\" sans-serif;=\"\" font-size:=\"\" 14px;\"=\"\">ইয়েমেনে জোটের গুরুত্বপূর্ণ অংশীদার সংযুক্ত আরব আমিরাত। সেই দেশটির সঙ্গে দ্বন্দ্বে এবার তাই হাদিকেও গৃহবন্দিত্বের মুখোমুখি হতে হলো। আল জাজিরা।</span>', 'dtyygj', '2017-11-08.INDRO-5a02cabc1270f.jpg', '', 1, 0, '2017-11-08 03:13:32', '2017-11-09 02:35:46', NULL),
(8, 1, 'ভিয়েতনামে টাইফুনের আঘাতে নিহতের সংখ্যা বেড়ে ৬৯', '<span style=\"font-family: \" helvetica=\"\" neue\",=\"\" helvetica,=\"\" arial,=\"\" sans-serif;=\"\" font-size:=\"\" 14px;\"=\"\">আন্তর্জাতিক ডেস্ক, ৮ নভেম্বর : ভিয়েতনামে টাইফুন ডামরির আঘাতে নিহতের সংখ্যা বেড়ে ৬৯ জনে দাঁড়িয়েছে। এখনও নিখোঁজ রয়েছেন অন্তত ৩০ জন।</span><br style=\"margin: 0px; padding: 0px; outline: 0px; font-family: \" helvetica=\"\" neue\",=\"\" helvetica,=\"\" arial,=\"\" sans-serif;=\"\" font-size:=\"\" 14px;\"=\"\"><br style=\"margin: 0px; padding: 0px; outline: 0px; font-family: \" helvetica=\"\" neue\",=\"\" helvetica,=\"\" arial,=\"\" sans-serif;=\"\" font-size:=\"\" 14px;\"=\"\"><span style=\"font-family: \" helvetica=\"\" neue\",=\"\" helvetica,=\"\" arial,=\"\" sans-serif;=\"\" font-size:=\"\" 14px;\"=\"\">দেশটির সরকারের পক্ষ থেকে এ তথ্য প্রকাশ করা হয়েছে।</span><br style=\"margin: 0px; padding: 0px; outline: 0px; font-family: \" helvetica=\"\" neue\",=\"\" helvetica,=\"\" arial,=\"\" sans-serif;=\"\" font-size:=\"\" 14px;\"=\"\"><br style=\"margin: 0px; padding: 0px; outline: 0px; font-family: \" helvetica=\"\" neue\",=\"\" helvetica,=\"\" arial,=\"\" sans-serif;=\"\" font-size:=\"\" 14px;\"=\"\"><span style=\"font-family: \" helvetica=\"\" neue\",=\"\" helvetica,=\"\" arial,=\"\" sans-serif;=\"\" font-size:=\"\" 14px;\"=\"\">দুর্যোগ ব্যবস্থাপনা বিভাগ বলছে, অতি বর্ষণ ও বন্যায় এখনও লাখ খানেক বাড়িঘর জলাবদ্ধ।</span><br style=\"margin: 0px; padding: 0px; outline: 0px; font-family: \" helvetica=\"\" neue\",=\"\" helvetica,=\"\" arial,=\"\" sans-serif;=\"\" font-size:=\"\" 14px;\"=\"\"><br style=\"margin: 0px; padding: 0px; outline: 0px; font-family: \" helvetica=\"\" neue\",=\"\" helvetica,=\"\" arial,=\"\" sans-serif;=\"\" font-size:=\"\" 14px;\"=\"\"><span style=\"font-family: \" helvetica=\"\" neue\",=\"\" helvetica,=\"\" arial,=\"\" sans-serif;=\"\" font-size:=\"\" 14px;\"=\"\">এদিকে দুর্যোগ পরবর্তী এমন পরিস্থিতির মধ্যেই দেশটিতে এশিয়া-প্যাসিফিক ইকোনমিক কো-অপারেশনের (এপিইসি) সম্মেলন শুরু হচ্ছে। চীন হয়ে মার্কিন প্রেসিডেন্ট ডোনাল্ড ট্রাম্পের সেখানে আসার কথা।</span><br style=\"margin: 0px; padding: 0px; outline: 0px; font-family: \" helvetica=\"\" neue\",=\"\" helvetica,=\"\" arial,=\"\" sans-serif;=\"\" font-size:=\"\" 14px;\"=\"\"><br style=\"margin: 0px; padding: 0px; outline: 0px; font-family: \" helvetica=\"\" neue\",=\"\" helvetica,=\"\" arial,=\"\" sans-serif;=\"\" font-size:=\"\" 14px;\"=\"\"><span style=\"font-family: \" helvetica=\"\" neue\",=\"\" helvetica,=\"\" arial,=\"\" sans-serif;=\"\" font-size:=\"\" 14px;\"=\"\">প্রসঙ্গত, গত শনিবার কান হোয়া প্রদেশের নিয়া চ্যাং শহরে টাইফুন আঘাত হানে। দুর্যোগের পরপরই দ্রুত স্বাভাবিক পরিস্থিতি ফিরিয়ে আনতে অভিযান শুরু করে দেশটির কৃর্তপক্ষ।&nbsp; বিভিন্ন বিভাগের সমন্বয়ে গঠিত দুর্যোগ মোকাবেলা টিম কর্মযজ্ঞ জারি রেখেছে।</span>', 'টাইফুন ডামরি', '2017-11-08.INDRO-5a02cafa05d2b.jpg', '', 0, 0, '2017-11-08 03:14:34', '2017-11-08 04:32:32', NULL),
(9, 1, 'খালেদা জিয়ার সঙ্গে আজ মালয়েশীয় প্রতিনিধিদলের সাক্ষাৎ', '<span style=\"font-family: &quot;Helvetica Neue&quot;, Helvetica, Arial, sans-serif; font-size: 14px;\">ঢাকা, ৮ নভেম্বর : মালয়েশিয়ার পার্লামেন্টের একটি প্রতিনিধিদল বুধবার বিএনপি চেয়ারপারসন খালেদা জিয়ার সঙ্গে সাক্ষাৎ করবেন। এ দিন বিকেল সাড়ে ৪টার দিকে ওই সাক্ষাৎ অনুষ্ঠিত হবে।</span><br style=\"margin: 0px; padding: 0px; outline: 0px; font-family: &quot;Helvetica Neue&quot;, Helvetica, Arial, sans-serif; font-size: 14px;\"><br style=\"margin: 0px; padding: 0px; outline: 0px; font-family: &quot;Helvetica Neue&quot;, Helvetica, Arial, sans-serif; font-size: 14px;\"><span style=\"font-family: &quot;Helvetica Neue&quot;, Helvetica, Arial, sans-serif; font-size: 14px;\">বিএনপির চেয়ারপারসনের মিডিয়া উইংয়ের কর্মকর্তা শায়রুল কবির খান জানিয়েছেন, রাজধানীর গুলশানে বিএনপির চেয়ারপারসনের রাজনৈতিক কার্যালয়ে ওই সাক্ষাৎ অনুষ্ঠিত হবে। এ সময় ঢাকায় নিযুক্ত মালয়েশিয়ার হাইকমিশনারের উপস্থিত থাকার কথা আছে।</span><br style=\"margin: 0px; padding: 0px; outline: 0px; font-family: &quot;Helvetica Neue&quot;, Helvetica, Arial, sans-serif; font-size: 14px;\"><br style=\"margin: 0px; padding: 0px; outline: 0px; font-family: &quot;Helvetica Neue&quot;, Helvetica, Arial, sans-serif; font-size: 14px;\"><span style=\"font-family: &quot;Helvetica Neue&quot;, Helvetica, Arial, sans-serif; font-size: 14px;\">সোমবার বিএনপির চেয়ারপারসন খালেদা জিয়ার সঙ্গে বৈঠক করেন কানাডার পার্লামেন্টের একটি প্রতিনিধিদল। একই দিন সকালে খালেদা জিয়ার সঙ্গে বৈঠক করেন যুক্তরাষ্ট্রের রাজনীতিবিষয়ক আন্ডার সেক্রেটারি টমাস শ্যানন।</span>', 'Rajniti', '2017-11-08.INDRO-5a02cbde27475.jpg', '', 0, 0, '2017-11-08 03:18:22', '2017-11-08 03:18:22', NULL),
(10, 1, 'সালমান একাই একশ: পরিচালক', '<span style=\"font-family: &quot;Helvetica Neue&quot;, Helvetica, Arial, sans-serif; font-size: 14px;\">বিনোদন ডেস্ক, ৭ নভেম্বর : ‘এক থা টাইগার’ ছবিতে সালমান-ক্যাটরিনা জুটির ক্যামিস্ট্রি মাত করেছিল বক্স অফিস। তার পর আরব সাগরে আছড়ে পড়েছে বহু ঢেউ। টালমাটাল হয়েছে ক্যাট-সল্লুর জীবনও। কিন্তু এক অদৃশ্য বাঁধনে আটকে ছিলেন দুজনই। তাইতো ফের জুটি বাঁধেন ‘এক থা টাইগার’ এর দ্বিতীয় কিস্তি ‘টাইগার জিন্দা হ্যায়’ ছবিতে।</span><br style=\"margin: 0px; padding: 0px; outline: 0px; font-family: &quot;Helvetica Neue&quot;, Helvetica, Arial, sans-serif; font-size: 14px;\"><br style=\"margin: 0px; padding: 0px; outline: 0px; font-family: &quot;Helvetica Neue&quot;, Helvetica, Arial, sans-serif; font-size: 14px;\"><span style=\"font-family: &quot;Helvetica Neue&quot;, Helvetica, Arial, sans-serif; font-size: 14px;\">আজ মঙ্গলবার মুক্তি পেল সালমান-ক্যাট অভিনীত ছবিটির অ্যাকশন প্যাকড প্রথম ট্রেলার। তবে এবার ছবির পরিচালনার দায়িত্ব কবির খানের থেকে চলে এসেছে আলী আব্বাস জাফরের হাতে।</span><br style=\"margin: 0px; padding: 0px; outline: 0px; font-family: &quot;Helvetica Neue&quot;, Helvetica, Arial, sans-serif; font-size: 14px;\"><br style=\"margin: 0px; padding: 0px; outline: 0px; font-family: &quot;Helvetica Neue&quot;, Helvetica, Arial, sans-serif; font-size: 14px;\"><span style=\"font-family: &quot;Helvetica Neue&quot;, Helvetica, Arial, sans-serif; font-size: 14px;\">এক প্রেস বিজ্ঞপ্তিতে জাফর জানিয়েছেন, ‘সালমান খানের মতো সুপারস্টারের সঙ্গে কাজ করতে গেলে সবদিক থেকেই প্রস্তুত থাকতে হয়। সে একাই একশ। তাঁর খ্যাতি এবং ‘টাইগার জিন্দা হ্যায়’র মতো হাই ভোল্টেজ ছবির সঙ্গে মানানসই অস্ত্র যেন পরিচালকের হাতে থাকে।’</span><br style=\"margin: 0px; padding: 0px; outline: 0px; font-family: &quot;Helvetica Neue&quot;, Helvetica, Arial, sans-serif; font-size: 14px;\"><br style=\"margin: 0px; padding: 0px; outline: 0px; font-family: &quot;Helvetica Neue&quot;, Helvetica, Arial, sans-serif; font-size: 14px;\"><span style=\"font-family: &quot;Helvetica Neue&quot;, Helvetica, Arial, sans-serif; font-size: 14px;\">এই ছবির জন্য বিশেষ ট্রেনিং নিয়েছেন ক্যাটরিনা কাইফও। সেসব তথ্য ফাঁস করলেন স্বয়ং পরিচালক নিজেই। জানালেন, চরিত্রকে একশ ভাগ বিশ্বাসযোগ্য করে তোলার জন্য বাস্তব এজেন্টদের কাছ থেকে ট্রেনিং নিয়েছেন ক্যাট। শিখেছেন তাঁদের ভাবভঙ্গি, কথা বলার ধরন।</span><br style=\"margin: 0px; padding: 0px; outline: 0px; font-family: &quot;Helvetica Neue&quot;, Helvetica, Arial, sans-serif; font-size: 14px;\"><br style=\"margin: 0px; padding: 0px; outline: 0px; font-family: &quot;Helvetica Neue&quot;, Helvetica, Arial, sans-serif; font-size: 14px;\"><span style=\"font-family: &quot;Helvetica Neue&quot;, Helvetica, Arial, sans-serif; font-size: 14px;\">আগামী ২২ ডিসেম্বর মুক্তি পেতে চলেছে ‘টাইগার জিন্দা হ্যায়’। বক্স অফিসে সালমানের ‘টিউবলাইট’ যেভাবে ধাক্কা খেয়েছে, তাতে এই ছবির উপর বাজি ধরে রয়েছেন অনেকেই।</span><br style=\"margin: 0px; padding: 0px; outline: 0px; font-family: &quot;Helvetica Neue&quot;, Helvetica, Arial, sans-serif; font-size: 14px;\"><br style=\"margin: 0px; padding: 0px; outline: 0px; font-family: &quot;Helvetica Neue&quot;, Helvetica, Arial, sans-serif; font-size: 14px;\"><span style=\"font-family: &quot;Helvetica Neue&quot;, Helvetica, Arial, sans-serif; font-size: 14px;\">২০১৮ সালের এপ্রিল মাসে আলী আব্বাস জাফরের পরিচালনায় আরো একটি ছবির কাজ শুরু করতে চলেছেন সালমান। অতুল অগ্নিহোত্রি প্রযোজিত ‘ভারত’ নামের ওই ছবিটি দক্ষিণ কোরিয়ান ছবি ‘উড টু মাই ফাদার’ থেকে অনুপ্রাণিত।</span>', 'সালমান', '2017-11-08.INDRO-5a02cc0f77291.jpg', '', 1, 0, '2017-11-08 03:19:11', '2017-11-08 03:37:05', NULL),
(11, 1, '\'রাহুবলী\'র মহিস্মমতি রাজ্যে যাওয়ার পথ উন্মুক্ত হচ্ছে', '<span style=\"font-family: &quot;Helvetica Neue&quot;, Helvetica, Arial, sans-serif; font-size: 14px;\">বিনোদন ডেস্ক, ৪ নভেম্বর : \'বাহুবলী\' ভক্তরা শীঘ্রই ভারতের হায়দ্রাবাদে তৈরি মহিস্মতি রাজ্যে ঘুরে আসার সুযোগ পাচ্ছেন। ভারতের সবচেয়ে ব্যবসাসফল ছবি \'বাহুবলী\'র সেটটি নির্মাণ করা হয়েছিল ৬০ কোটি রুপি খরচ করে।</span><br style=\"margin: 0px; padding: 0px; outline: 0px; font-family: &quot;Helvetica Neue&quot;, Helvetica, Arial, sans-serif; font-size: 14px;\"><span style=\"font-family: &quot;Helvetica Neue&quot;, Helvetica, Arial, sans-serif; font-size: 14px;\">ছবি নির্মাণ শেষ হয়ে গেলে সাধারণত ছবির সেটটি নষ্ট করে ফেলা হয়। সেখানে তৈরি হয় নতুন কোনো ছবির সেট।</span><br style=\"margin: 0px; padding: 0px; outline: 0px; font-family: &quot;Helvetica Neue&quot;, Helvetica, Arial, sans-serif; font-size: 14px;\"><br style=\"margin: 0px; padding: 0px; outline: 0px; font-family: &quot;Helvetica Neue&quot;, Helvetica, Arial, sans-serif; font-size: 14px;\"><span style=\"font-family: &quot;Helvetica Neue&quot;, Helvetica, Arial, sans-serif; font-size: 14px;\">কিন্তু বাহুবলীর ক্ষেত্রে তা হয়নি। ছবিটির সেট সংরক্ষণের দায়িত্ব নেয় রামুজি ফিল্ম সিটি। খুভ শীঘ্র যা পর্যটকের জন্য তা উন্মুক্ত হচ্ছে। বাহুবলীর রাজ্যে প্রবেশের টিকেটের দাম শুরু হচ্ছে ১৬০৪ রুপিতে। সকাল সাড়ে নটা থেকে ১২টা পর্যন্ত প্রবেশ করা যাবে।</span><br style=\"margin: 0px; padding: 0px; outline: 0px; font-family: &quot;Helvetica Neue&quot;, Helvetica, Arial, sans-serif; font-size: 14px;\"><br style=\"margin: 0px; padding: 0px; outline: 0px; font-family: &quot;Helvetica Neue&quot;, Helvetica, Arial, sans-serif; font-size: 14px;\"><span style=\"font-family: &quot;Helvetica Neue&quot;, Helvetica, Arial, sans-serif; font-size: 14px;\">টিকেটের সর্বোচ্চ মূল্য ৩০১৪ টাকা। এ টিকেটে ২টা পর্যন্ত \'বাহুবলী\' শাসিত রাজ্যে প্রবেশ করা যাবে।</span><br style=\"margin: 0px; padding: 0px; outline: 0px; font-family: &quot;Helvetica Neue&quot;, Helvetica, Arial, sans-serif; font-size: 14px;\"><br style=\"margin: 0px; padding: 0px; outline: 0px; font-family: &quot;Helvetica Neue&quot;, Helvetica, Arial, sans-serif; font-size: 14px;\"><span style=\"font-family: &quot;Helvetica Neue&quot;, Helvetica, Arial, sans-serif; font-size: 14px;\">টিকেট অর্ডার করা যাবে শুধু অনলাইনেই। শিক্ষার্থী ও কর্পোরেট কর্তাদের জন্য বিশেষ সুযোগ থাকছে। বিস্তারিত রামুজি ফিল্ম সিটির ওয়েবসাইটে। সূত্র : এনডিটিভি</span>', 'Bahubali', '2017-11-08.INDRO-5a02cc3fc780b.jpg', '', 4, 0, '2017-11-08 03:19:59', '2017-11-08 05:18:34', NULL),
(12, 1, 'মুন্সীগঞ্জে জাতীয় বিপ্লব ও সংহতি দিবস পালিত', '<span style=\"font-family: &quot;Helvetica Neue&quot;, Helvetica, Arial, sans-serif; font-size: 14px;\">মোজাম্মেল হোসেন সজল, মুন্সীগঞ্জ, ৭ নভেম্বর : মুন্সীগঞ্জের শ্রীনগরে জাতীয় বিপ্লব ও সংহতি দিবস উপলক্ষ্যে দোয়া মাহফিল এবং আলোচনা সভা অনুষ্ঠিত হয়েছে। মঙ্গলবার সকালে শ্রীনগর উপজেলা সদরে অনুষ্ঠিত হয়। সভায় উপজেলা বিএনপির সভাপতি, উপজেলা পরিষদের চেয়ারম্যান আলহাজ মমিন আলীর সভাপতিত্বে বক্তব্য রাখেন, শ্রীনগর উপজেলা বিএনপির সাধারণ সম্পাদক দেলোয়ার হোসেন, উপজেলা পরিষদের ভাইস চেয়ারম্যান সেলিম হোসেন খান, মহিলা ভাইস চেয়ারম্যান, জেলা মহিলা দলের সাধারণ সম্পাদক জাহানারা বেগম, উপজেলা বিএনপির যুগ্ন-সম্পাদক সৈয়দ শামসুল আলম খোকন, উপজেলা শ্রমিক দলের সভাপতি দিদারুল ইসলাম অভি, উপজেলা যুবদলের সাধারণ সম্পাদক মতিউর রহমান মতিন, যুগ্ন সম্পাদক মোয়াজ্জেম মোড়ল, সহসাংগঠনিক সম্পাদক রাজু আহমেদ, শ্রীনগর সরকারি কলেজের সাধারণ সম্পাদক লিমন মোড়ল, উপজেলা ছাত্রদল নেতা তানভীর সোবহান, ওমর ফারুক বাবু প্রমুখ।</span><br style=\"margin: 0px; padding: 0px; outline: 0px; font-family: &quot;Helvetica Neue&quot;, Helvetica, Arial, sans-serif; font-size: 14px;\">', 'ফারুক বাবু প্রমুখ', '2017-11-08.INDRO-5a02e40768685.jpg', '', 1, 0, '2017-11-08 05:01:27', '2017-11-08 23:06:54', NULL),
(13, 1, 'দিল্লীতে মারাত্মক বায়ুদূষণ, জরুরি স্বাস্থ্য সতর্কতা জারি', '<span style=\"font-family: &quot;Helvetica Neue&quot;, Helvetica, Arial, sans-serif; font-size: 14px;\">দিল্লি, ৮ নভেম্বর : বিশ্বের সবচেয়ে দূষিত রাজধানী শহর বলে পরিচিত দিল্লীতে বায়ু দূষণের মাত্রা গতকাল মঙ্গলবার এই মৌসুমে সর্বোচ্চ পর্যায়ে পৌঁছেছে। পুরো শহর সকাল থেকে ঘন ধোঁয়াশার চাদরে ছেয়ে যাওয়ার পর ভারতের মেডিক্যাল অ্যাসোসিয়েশন পরিস্থিতিকে জনস্বাস্থ্যের জন্য ‘ইমার্জেন্সি’ বলে ঘোষণা করেছে।</span><br style=\"margin: 0px; padding: 0px; outline: 0px; font-family: &quot;Helvetica Neue&quot;, Helvetica, Arial, sans-serif; font-size: 14px;\"><br style=\"margin: 0px; padding: 0px; outline: 0px; font-family: &quot;Helvetica Neue&quot;, Helvetica, Arial, sans-serif; font-size: 14px;\"><span style=\"font-family: &quot;Helvetica Neue&quot;, Helvetica, Arial, sans-serif; font-size: 14px;\">দিল্লী সরকারও জানিয়েছে, তারা স্কুল-কলেজ সব আপাতত বন্ধ করে দেয়ার কথা ভাবছে। আজ বুধবার কিছু স্কুল বন্ধ থাকবে। আপদকালীন ব্যবস্থা হিসেবে শহরে গাড়ির পার্কিং ফি চারগুণ বাড়িয়ে দেয়া হয়েছে। গতকাল সকালে পুরো শহর ঘন ধোঁয়াশায় ছেয়ে গিয়েছিল। দিল্লীর বাসিন্দাদের অনেকেই জানিয়েছেন, এ জিনিস তারা বহুদিন দেখেননি। সব মিলিয়ে পরিস্থিতি যে অত্যন্ত মারাত্মক, সরকারকে চিঠি লিখে সকালেই সে ব্যাপারে সতর্ক করে দেয় ইন্ডিয়ান মেডিক্যাল অ্যাসোসিয়েশন।</span><br style=\"margin: 0px; padding: 0px; outline: 0px; font-family: &quot;Helvetica Neue&quot;, Helvetica, Arial, sans-serif; font-size: 14px;\"><br style=\"margin: 0px; padding: 0px; outline: 0px; font-family: &quot;Helvetica Neue&quot;, Helvetica, Arial, sans-serif; font-size: 14px;\"><span style=\"font-family: &quot;Helvetica Neue&quot;, Helvetica, Arial, sans-serif; font-size: 14px;\">সংস্থাটির সভাপতি কে কে আগরওয়াল বলেন, জনস্বাস্থ্যের দৃষ্টিতে দিল্লীতে এখন আপদকালীন অবস্থা চলছে। স্কুল ও কলেজ বন্ধ করা দরকার, খুব জরুরি প্রয়োজন ছাড়া বাইরে বের না হওয়া উচিত, বিশেষ করে শিশু ও বয়স্ক, গর্ভবতী মহিলা বা হৃদরোগীদের।</span><br style=\"margin: 0px; padding: 0px; outline: 0px; font-family: &quot;Helvetica Neue&quot;, Helvetica, Arial, sans-serif; font-size: 14px;\"><br style=\"margin: 0px; padding: 0px; outline: 0px; font-family: &quot;Helvetica Neue&quot;, Helvetica, Arial, sans-serif; font-size: 14px;\"><span style=\"font-family: &quot;Helvetica Neue&quot;, Helvetica, Arial, sans-serif; font-size: 14px;\">পিএম-টেনের মাত্রা শহরে হাজার ছাড়িয়ে যাচ্ছে, এটা যতক্ষণ না দুশোর নিচে নামছে ততক্ষণ পার্কে গিয়ে জগিং তো দূরের ব্যাপার, হাঁটাহাঁটি করাও অত্যন্ত বিপজ্জনক, বলেন আগরওয়াল। বস্তুত দিল্লির পাঞ্জাবিবাগে এদিন পিএম-টেন বা দশ মাইক্রোমিটারের চেয়ে ছোট পার্টিকুলেট ম্যাটারের মাত্রা ছিল ৯৯৯-নিরাপদ মাত্রার চেয়েও দশগুণ বেশি। দ্য গার্ডিয়ান ও জি নিউজ।</span>', 'দিল্লি', '2017-11-08.INDRO-5a02e4527b8d0.jpg', '', 0, 0, '2017-11-08 05:02:42', '2017-11-08 05:02:42', NULL),
(14, 1, '৩৭তমর মৌখিক ও ৩৮তমর প্রিলির তারিখ নির্ধারণ', '<span style=\"font-family: &quot;Helvetica Neue&quot;, Helvetica, Arial, sans-serif; font-size: 14px;\">ঢাকা, ৭ নভেম্বর : ৩৭তম বিসিএসের মৌখিক পরীক্ষা চলতি মাসের ২৯ তারিখে এবং ৩৮তম বিসিএসের প্রিলিমিনারি পরীক্ষা ২৯ ডিসেম্বর অনুষ্ঠিত হবে। এছাড়া ৩৯তম বিসিএসের বিষয়েও সিদ্ধান্ত নিয়েছে সরকারি কর্মকমিশন (পিএসসি)। মঙ্গলবার সরকারি কর্মকমিশনের (পিএসসি) একটি বিশেষ বৈঠকে ৩৭, ৩৮ ও ৩৯তম বিসিএসের বিষয়ে এসব চূড়ান্ত সিদ্ধান্ত হয়। পিএসসির চেয়ারম্যান মোহাম্মদ সাদিক এ তথ্য নিশ্চিত করেছেন।</span><br style=\"margin: 0px; padding: 0px; outline: 0px; font-family: &quot;Helvetica Neue&quot;, Helvetica, Arial, sans-serif; font-size: 14px;\"><br style=\"margin: 0px; padding: 0px; outline: 0px; font-family: &quot;Helvetica Neue&quot;, Helvetica, Arial, sans-serif; font-size: 14px;\"><span style=\"font-family: &quot;Helvetica Neue&quot;, Helvetica, Arial, sans-serif; font-size: 14px;\">সিদ্ধান্ত অনুযায়ী, ৩৭তম বিসিএসের মৌখিক পরীক্ষা চলতি মাসের ২৯ তারিখ শুরু হবে। ৩৮তম বিসিএসের প্রিলিমিনারি পরীক্ষা হবে আগামী ২৯ ডিসেম্বর। আর ৩৯তম বিসিএসের বিধিমালার সংশোধনের জন্য জনপ্রশাসনে সংশোধনের প্রস্তাব পাঠাবে পিএসসি। এটি বিশেষ বিসিএস করার সিদ্ধান্ত হয়েছে। এ–সংক্রান্ত কাগজপত্র জনপ্রশাসন মন্ত্রণালয়ে অনুমতির জন্য পাঠানোর সিদ্ধান্ত হয়েছে।</span><br style=\"margin: 0px; padding: 0px; outline: 0px; font-family: &quot;Helvetica Neue&quot;, Helvetica, Arial, sans-serif; font-size: 14px;\"><br style=\"margin: 0px; padding: 0px; outline: 0px; font-family: &quot;Helvetica Neue&quot;, Helvetica, Arial, sans-serif; font-size: 14px;\"><span style=\"font-family: &quot;Helvetica Neue&quot;, Helvetica, Arial, sans-serif; font-size: 14px;\">৩৮তম বিসিএসের আবেদন কার্যক্রম গত ১০ আগস্ট শেষ হয়েছে। এতে ৩ লাখ ৪৬ হাজার ৫৩২ জন প্রার্থী আবেদন করেছেন। এ বিসিএসে ২ হাজার ২৪ জন ক্যাডার নিয়োগ করা হবে বলে বিজ্ঞপ্তি প্রকাশ করে পিএসসি।</span><br style=\"margin: 0px; padding: 0px; outline: 0px; font-family: &quot;Helvetica Neue&quot;, Helvetica, Arial, sans-serif; font-size: 14px;\"><br style=\"margin: 0px; padding: 0px; outline: 0px; font-family: &quot;Helvetica Neue&quot;, Helvetica, Arial, sans-serif; font-size: 14px;\"><span style=\"font-family: &quot;Helvetica Neue&quot;, Helvetica, Arial, sans-serif; font-size: 14px;\">পিএসসি সূত্রে জানা গেছে, এই পরীক্ষার সময় হাতঘড়ি, পকেট ঘড়ি, ইলেকট্রনিক ঘড়ি, মুঠোফোনসহ সব ধরনের ইলেকট্রনিক যোগাযোগযন্ত্র, ক্যালকুলেটর, বই-পুস্তক ও ব্যাগ আনা নিষিদ্ধ থাকবে। সময় জানার জন্য পরীক্ষার হলে প্রয়োজনীয় সংখ্যক দেয়াল ঘড়ি থাকবে। কারও কাছে এগুলো পাওয়া পাওয়া গেলে তা বাজেয়াপ্তসহ প্রার্থীর প্রার্থিতা বাতিল করা হবে। একই সঙ্গে পিএসসির ভবিষ্যৎ নিয়োগ পরীক্ষার জন্যও ওই প্রার্থীকে অযোগ্য ঘোষণা করা হবে।</span>', 'পিএসসি', '2017-11-08.INDRO-5a02e68eeb096.jpg', '', 0, 0, '2017-11-08 05:12:14', '2017-11-08 05:12:14', NULL),
(15, 1, 'বৃহস্পতিবার দেশে ফিরছেন ডিপজল', '<span style=\"font-family: &quot;Helvetica Neue&quot;, Helvetica, Arial, sans-serif; font-size: 14px;\">বিনোদন ডেস্ক, ৮ অক্টোবর : প্রায় দুই মাস পর দেশে ফিরছেন চলচ্চিত্র অভিনেতা ও প্রযোজক মনোয়ার হোসেন ডিপজল। অস্ত্রোপচারের পর তিনি দ্রুত সুস্থ হয়ে উঠেছেন। চিকিৎসকদের সিদ্ধান্ত অনুযায়ী তিনি এখন দেশে ফিরতে পারবেন।</span><br style=\"margin: 0px; padding: 0px; outline: 0px; font-family: &quot;Helvetica Neue&quot;, Helvetica, Arial, sans-serif; font-size: 14px;\"><br style=\"margin: 0px; padding: 0px; outline: 0px; font-family: &quot;Helvetica Neue&quot;, Helvetica, Arial, sans-serif; font-size: 14px;\"><span style=\"font-family: &quot;Helvetica Neue&quot;, Helvetica, Arial, sans-serif; font-size: 14px;\">বুধবার সকালে সিঙ্গাপুর থেকে তার মেয়ে অলিজা মনোয়ার এব কথা জিানিয়েছেন। তাই আগামীকাল বৃহস্পতিবার বিকেলে পরিবারের সদস্যদের নিয়ে দেশে ফিরছেন ডিপজল।</span><br style=\"margin: 0px; padding: 0px; outline: 0px; font-family: &quot;Helvetica Neue&quot;, Helvetica, Arial, sans-serif; font-size: 14px;\"><br style=\"margin: 0px; padding: 0px; outline: 0px; font-family: &quot;Helvetica Neue&quot;, Helvetica, Arial, sans-serif; font-size: 14px;\"><span style=\"font-family: &quot;Helvetica Neue&quot;, Helvetica, Arial, sans-serif; font-size: 14px;\">গত ৩০ অক্টোবর দুপুরে সিঙ্গাপুরের মাউন্ট এলিজাবেথ হাসপাতালে ডিপজলের হার্টে বাইপাস অস্ত্রোপচার করা হয়। এর আগে গত ২৫ সেপ্টেম্বর ডিপজলের হার্টের এনজিওগ্রাম করা হয়। ওই সময় তার হার্টে একাধিক ব্লক পাওয়া যায়। কিন্তু তার শরীর দুর্বল হওয়ায় তখন তার হার্টে অস্ত্রোপচার কিংবা রক্তনালিতে রিং পরানোর ব্যাপারে চিকিৎসকেরা কোনো সিদ্ধান্ত নিতে পারেননি। চিকিৎসকেরা তাকে ওষুধের মাধ্যমে সুস্থ রাখেন। পাশাপাশি এক মাসের পূর্ণ বিশ্রামে থাকার পরামর্শ দেন।</span><br style=\"margin: 0px; padding: 0px; outline: 0px; font-family: &quot;Helvetica Neue&quot;, Helvetica, Arial, sans-serif; font-size: 14px;\"><br style=\"margin: 0px; padding: 0px; outline: 0px; font-family: &quot;Helvetica Neue&quot;, Helvetica, Arial, sans-serif; font-size: 14px;\"><span style=\"font-family: &quot;Helvetica Neue&quot;, Helvetica, Arial, sans-serif; font-size: 14px;\">উল্লেখ্য, গত ১৯ সেপ্টেম্বর বিকেলে বাসায় হৃদরোগে আক্রান্ত হন ডিপজল। তাকে দ্রুত রাজধানীর ল্যাবএইড হাসপাতালে নেওয়া হয়। চিকিৎসকেরা তাকে করোনারি কেয়ার ইউনিটে (সিসিইউ) ভর্তি করেন। এরপর উন্নত চিকিৎসার জন্য পরদিন বিকেলে এয়ার অ্যাম্বুলেন্সে করে ডিপজলকে সিঙ্গাপুর নিয়ে যাওয়া হয়।</span>', 'ডিপজল', '2017-11-09.INDRO-5a03e2e18f5c8.jpg', '', 3, 0, '2017-11-09 05:12:49', '2017-11-09 03:34:27', NULL),
(16, 1, 'ট্রাম্পকে পাগলা কুকুর বলে সম্বোধন উত্তর কোরিয়ার', '<span style=\"font-family: &quot;Helvetica Neue&quot;, Helvetica, Arial, sans-serif; font-size: 14px;\">আন্তর্জাতিক ডেস্ক, ৯ নভেম্বর : মার্কিন প্রেসিডেন্ট ডোনাল্ড ট্রাম্পকে ‘পাগলা কুকুর’ বলে সম্বোধন করেছে উত্তর কোরিয়া। দেশটির প্রেসিডেন্ট কিম জং উনকে নিয়ে করা মন্তব্যের প্রেক্ষিতে পাল্টা মন্তব্য করে উত্তর কোরিয়া। দেশটি বলে, পাগলা কুকুরের কথায় আমরা পরোয়া করি না। কারণ আমরা ইতোমধ্যে যথেষ্ট শুনেছি।</span><br style=\"margin: 0px; padding: 0px; outline: 0px; font-family: &quot;Helvetica Neue&quot;, Helvetica, Arial, sans-serif; font-size: 14px;\"><br style=\"margin: 0px; padding: 0px; outline: 0px; font-family: &quot;Helvetica Neue&quot;, Helvetica, Arial, sans-serif; font-size: 14px;\"><span style=\"font-family: &quot;Helvetica Neue&quot;, Helvetica, Arial, sans-serif; font-size: 14px;\">গতকাল বুধবার পিয়ংইয়ংয়ের এক মুখপাত্র এ মন্তব্য করেন। দক্ষিণ কোরিয়ার পার্লামেন্টে বুধবার সকালে ভাষণ দেয়ার সময় কিম জং উনকে হুঁশিয়ার করে প্রেসিডেন্ট ট্রাম্প বলেছেন, আমাদের তিরস্কার করবেন না। আমাদের সঙ্গে লাগতে আসবেন না। সিএনএন।</span>', 'পাগলা কুকুর,ট্রাম্প', '2017-11-09.INDRO-5a03e534e71cb.jpg', '', 1, 0, '2017-11-08 23:18:44', '2017-11-08 23:19:00', NULL),
(18, 1, 'পূর্বের জন্মে মঙ্গলে ছিলাম, অদ্ভুত দাবি রুশ নাগরিকের', '<span style=\"font-family: \" helvetica=\"\" neue\",=\"\" helvetica,=\"\" arial,=\"\" sans-serif;=\"\" font-size:=\"\" 14px;\"=\"\">আন্তর্জাতিক ডেস্ক, ৯ নভেম্বর : কয়েক দশক ধরে মঙ্গল গ্রহে বসতি স্থাপন সম্ভব বা মঙ্গলে বসতির স্বপ্ন কথা মানুষ নিয়মিতই শুনছে। মার্কিন মহাকাশ গবেষণা সংস্থা (নাসা) ২০৩০ সাল নাগাদ মঙ্গলে মানুষ পাঠানোর কথা বলে আসছে। নাসা অনেক দূর এগিয়েও এ ক্ষেত্রে। কিন্তু এর আগেই রাশিয়ার ২০ বছর বয়সী একজন ব্যক্তি দাবি করে বসলেন পূর্বের জন্মে মঙ্গল গ্রহের বাসিন্দা ছিলেন তিনি।</span><br style=\"margin: 0px; padding: 0px; outline: 0px; font-family: \" helvetica=\"\" neue\",=\"\" helvetica,=\"\" arial,=\"\" sans-serif;=\"\" font-size:=\"\" 14px;\"=\"\"><br style=\"margin: 0px; padding: 0px; outline: 0px; font-family: \" helvetica=\"\" neue\",=\"\" helvetica,=\"\" arial,=\"\" sans-serif;=\"\" font-size:=\"\" 14px;\"=\"\"><span style=\"font-family: \" helvetica=\"\" neue\",=\"\" helvetica,=\"\" arial,=\"\" sans-serif;=\"\" font-size:=\"\" 14px;\"=\"\">মেট্রোর বরাত দিয়ে ইন্ডিয়া ডটকমের খবরে বলা হয়েছে, মঙ্গলে ছিলে বলে দাবি ২০ বছর বয়সী ওই ব্যক্তির নাম বরিস্কা কিপ্রিইয়ানোভিচ। তিনি দাবি করেছেন, পূর্বের জন্মে মঙ্গল গ্রহে ছিলেন। এরপরই এক যুদ্ধে জীবন শেষ হয়ে যায় তার। তিনি পরে পৃথিবীতে পুনরায় জন্মগ্রহণ করেন। তিনি দাবি করেন, একজন পাইলট হিসেবে তিনি পৃথিবীতে এসেছিলেন।</span><br style=\"margin: 0px; padding: 0px; outline: 0px; font-family: \" helvetica=\"\" neue\",=\"\" helvetica,=\"\" arial,=\"\" sans-serif;=\"\" font-size:=\"\" 14px;\"=\"\"><br style=\"margin: 0px; padding: 0px; outline: 0px; font-family: \" helvetica=\"\" neue\",=\"\" helvetica,=\"\" arial,=\"\" sans-serif;=\"\" font-size:=\"\" 14px;\"=\"\"><span style=\"font-family: \" helvetica=\"\" neue\",=\"\" helvetica,=\"\" arial,=\"\" sans-serif;=\"\" font-size:=\"\" 14px;\"=\"\">জি নিউজের খবরে বলা হয়েছে, বরিস্কা কিপ্রিইয়ানোভিচের পরিবারের দাবি, জন্মের কয়েক মাসের মধ্যেই সবাইকে চমকে দিয়ে কথা বলতে শেখে সে। এরপরই থেকেই না কি ভিনগ্রহের সভ্যতা ও জীবন নিয়ে নানান কথা বলা শুরু করে বরিস্কা। ১৯৯৬ সালে বরিস্কার জন্ম। জন্মের এক বছরের মাথায় সে দৈনিক পত্রিকার শিরোনাম পড়তে পারত।</span><br style=\"margin: 0px; padding: 0px; outline: 0px; font-family: \" helvetica=\"\" neue\",=\"\" helvetica,=\"\" arial,=\"\" sans-serif;=\"\" font-size:=\"\" 14px;\"=\"\"><br style=\"margin: 0px; padding: 0px; outline: 0px; font-family: \" helvetica=\"\" neue\",=\"\" helvetica,=\"\" arial,=\"\" sans-serif;=\"\" font-size:=\"\" 14px;\"=\"\"><span style=\"font-family: \" helvetica=\"\" neue\",=\"\" helvetica,=\"\" arial,=\"\" sans-serif;=\"\" font-size:=\"\" 14px;\"=\"\">পেশায় চিকিৎসক বরিস্কার মা জানান, ছেলের বিশেষ প্রতিভার ব্যাপারটি তারা বুঝতে পারেন জন্মের কয়েক সপ্তাহের মধ্যেই। তখনই কারও সাহায্য ছাড়া মাথা উঁচু করতে পারত সে। আড়াই বছর বয়সে বরিস্কা আঁকতে শেখে।</span><br style=\"margin: 0px; padding: 0px; outline: 0px; font-family: \" helvetica=\"\" neue\",=\"\" helvetica,=\"\" arial,=\"\" sans-serif;=\"\" font-size:=\"\" 14px;\"=\"\"><br style=\"margin: 0px; padding: 0px; outline: 0px; font-family: \" helvetica=\"\" neue\",=\"\" helvetica,=\"\" arial,=\"\" sans-serif;=\"\" font-size:=\"\" 14px;\"=\"\"><span style=\"font-family: \" helvetica=\"\" neue\",=\"\" helvetica,=\"\" arial,=\"\" sans-serif;=\"\" font-size:=\"\" 14px;\"=\"\">বরিস্কার দাবি, মঙ্গলের পৃষ্ঠে সভ্যতা বিলুপ্ত হলেও ওই গ্রহের মানুষ বর্তমানে মাটির নিচে বাস করছেন। অক্সিজেন নয়, তারা শ্বাস নেন কার্বন ডাই অক্সাইডে।</span><br style=\"margin: 0px; padding: 0px; outline: 0px; font-family: \" helvetica=\"\" neue\",=\"\" helvetica,=\"\" arial,=\"\" sans-serif;=\"\" font-size:=\"\" 14px;\"=\"\"><br style=\"margin: 0px; padding: 0px; outline: 0px; font-family: \" helvetica=\"\" neue\",=\"\" helvetica,=\"\" arial,=\"\" sans-serif;=\"\" font-size:=\"\" 14px;\"=\"\"><span style=\"font-family: \" helvetica=\"\" neue\",=\"\" helvetica,=\"\" arial,=\"\" sans-serif;=\"\" font-size:=\"\" 14px;\"=\"\">বরিস্কার বলেন, মঙ্গলের বাসিন্দারা অমর। ৩৫ বছরের পর তাদের আর বয়স বাড়ে না। সেখানকার মানুষ ৭ ফুট পর্যন্ত লম্বা হয়ে থাকে। এমনকি মঙ্গলের বাসিন্দাদের সঙ্গে মিশরের মানুষের ঘনিষ্ঠ যোগাযোগ ছিল। মঙ্গলগ্রহের মহাকাশযানের পাইলট হিসাবে এর আগে একবার পৃথিবীতেও এসেছিলেন বলে দাবি বরিস্কার।</span><br style=\"margin: 0px; padding: 0px; outline: 0px; font-family: \" helvetica=\"\" neue\",=\"\" helvetica,=\"\" arial,=\"\" sans-serif;=\"\" font-size:=\"\" 14px;\"=\"\"><br style=\"margin: 0px; padding: 0px; outline: 0px; font-family: \" helvetica=\"\" neue\",=\"\" helvetica,=\"\" arial,=\"\" sans-serif;=\"\" font-size:=\"\" 14px;\"=\"\"><span style=\"font-family: \" helvetica=\"\" neue\",=\"\" helvetica,=\"\" arial,=\"\" sans-serif;=\"\" font-size:=\"\" 14px;\"=\"\">রাশিয়ার তরুণের এমন দাবির বিষয়ে বিজ্ঞানী-গবেষকেরা কোনো মন্তব্য পাওয়া যায়নি। তবে মনোবিজ্ঞানীরা বলছেন, বিশ্বের বিভিন্ন অংশে অনেকেই নিজেকে জাতিস্মর বলে দাবি করেন। বিশেষ করে, যেসব ধর্মে পুনর্জন্মের বিশ্বাস রয়েছে, সেখানে বেশি দেখা মেলে জাতিস্মরের।</span>', 'জন্ম মঙ্গলে', '2017-11-09.INDRO-5a03f57adf65a.jpg', '', 0, 0, '2017-11-09 00:28:10', '2017-11-09 00:28:10', NULL),
(19, 1, '১৬ ক্যাম্পে সোয়া ৬ লাখ রোহিঙ্গা', '<span style=\"font-family: &quot;Helvetica Neue&quot;, Helvetica, Arial, sans-serif; font-size: 14px;\">ঢাকা, ৯ নভেম্বর : নির্যাতনের মুখে মিয়ানমারের রাখাইন রাজ্য থেকে পালিয়ে আসা সোয়া ছয় লাখ রোহিঙ্গাকে এখন কক্সবাজারের উখিয়া ও টেকনাফের ১৬টি ক্যাম্পে রাখা হয়েছে। গতকাল বুধবার সরকারের পক্ষ থেকে তথ্য বিবরণীতে এই হিসাব জানানোর পাশাপাশি রোহিঙ্গাদের বায়োমেট্রিক নিবন্ধন ও ত্রাণ সরবরাহের হালনাগাদ তথ্যও জানানো হয়।</span><br style=\"margin: 0px; padding: 0px; outline: 0px; font-family: &quot;Helvetica Neue&quot;, Helvetica, Arial, sans-serif; font-size: 14px;\"><br style=\"margin: 0px; padding: 0px; outline: 0px; font-family: &quot;Helvetica Neue&quot;, Helvetica, Arial, sans-serif; font-size: 14px;\"><span style=\"font-family: &quot;Helvetica Neue&quot;, Helvetica, Arial, sans-serif; font-size: 14px;\">তথ্য বিবরণীতে বলা হয়, গত ২৫ আগস্টের পর থেকে কক্সবাজারের উখিয়া ও টেকনাফের বিভিন্ন অস্থায়ী আশ্রয়কেন্দ্রে এ পর্যন্ত ছয় লাখ ২৫ হাজার মিয়ানমারের নাগরিক অবস্থান নিয়েছে। সুষ্ঠু ও সুশৃঙ্খল ব্যবস্থাপনার জন্য তাদের ছোট-বড় ১৬টি অস্থায়ী কেন্দ্রে রাখা হয়েছে।</span><br style=\"margin: 0px; padding: 0px; outline: 0px; font-family: &quot;Helvetica Neue&quot;, Helvetica, Arial, sans-serif; font-size: 14px;\"><br style=\"margin: 0px; padding: 0px; outline: 0px; font-family: &quot;Helvetica Neue&quot;, Helvetica, Arial, sans-serif; font-size: 14px;\"><span style=\"font-family: &quot;Helvetica Neue&quot;, Helvetica, Arial, sans-serif; font-size: 14px;\">তথ্য বিবরণীতে আরো বলা হয়, রোহিঙ্গারা এখনো আসতে থাকায় তাদের সংখ্যা বাড়ছে। সরকারি ব্যবস্থাপনায় সাতটি ক্যাম্পের মাধ্যমে বায়োমেট্রিক পদ্ধতিতে নিবন্ধন কাজ এগিয়ে চলছে। এই পর্যন্ত মোট চার লাখ ৪৯ হাজার ৮২১ জনের নিবন্ধন করা হয়েছে।</span>', 'রোহিঙ্গা', '2017-11-09.INDRO-5a03f6f0930f5.jpg', '', 0, 0, '2017-11-09 00:34:24', '2017-11-09 00:34:24', NULL);
INSERT INTO `news-posts` (`id`, `user_id`, `title`, `post`, `tags`, `thumbail`, `video_link`, `views`, `status`, `created_at`, `updated_at`, `deleted_at`) VALUES
(20, 1, 'মিয়ানমারে নৃশংসতার প্রমাণ দেখেছে যুক্তরাষ্ট্র', '<span style=\"font-family: \" helvetica=\"\" neue\",=\"\" helvetica,=\"\" arial,=\"\" sans-serif;=\"\" font-size:=\"\" 14px;\"=\"\">আন্তর্জাতিক ডেস্ক, ৯ নভেম্বর : মিয়ানমারে রোহিঙ্গাদের ওপর নিরাপত্তা বাহিনীর নিপীড়ন আইনগতভাবে ‘গণহত্যা’ বা ‘জাতিগত নিধনের’ সংজ্ঞায় পড়ে কি না সে বিষয়ে যুক্তরাষ্ট্র মন্তব্য না করলেও নৃশংসতার প্রমাণ দেখার কথা জানিয়েছেন দেশটির পররাষ্ট্র দপ্তরের সহকারী মন্ত্রী সাইমন হ্যানশ। গত সপ্তাহে মিয়ানমার ও বাংলাদেশ সফর করা ওই মন্ত্রী গত মঙ্গলবার রাতে যুক্তরাষ্ট্র পররাষ্ট্র দপ্তরে ব্রিফিংয়ের সময় সাংবাদিকদের প্রশ্নের উত্তরে বলেন, ‘জাতিগত নিধনের’ মতো বিষয় নির্ধারণের দায়িত্ব তাঁর নয়।</span><br style=\"margin: 0px; padding: 0px; outline: 0px; font-family: \" helvetica=\"\" neue\",=\"\" helvetica,=\"\" arial,=\"\" sans-serif;=\"\" font-size:=\"\" 14px;\"=\"\"><span style=\"font-family: \" helvetica=\"\" neue\",=\"\" helvetica,=\"\" arial,=\"\" sans-serif;=\"\" font-size:=\"\" 14px;\"=\"\">তবে তাঁরা নৃশংসতার প্রমাণ পেয়েছেন।</span><br style=\"margin: 0px; padding: 0px; outline: 0px; font-family: \" helvetica=\"\" neue\",=\"\" helvetica,=\"\" arial,=\"\" sans-serif;=\"\" font-size:=\"\" 14px;\"=\"\"><br style=\"margin: 0px; padding: 0px; outline: 0px; font-family: \" helvetica=\"\" neue\",=\"\" helvetica,=\"\" arial,=\"\" sans-serif;=\"\" font-size:=\"\" 14px;\"=\"\"><span style=\"font-family: \" helvetica=\"\" neue\",=\"\" helvetica,=\"\" arial,=\"\" sans-serif;=\"\" font-size:=\"\" 14px;\"=\"\">এদিকে জাতিসংঘ নিরাপত্তা পরিষদ সর্বসম্মত এক বিবৃতিতে রাখাইন রাজ্যে সহিংসতা ও সামরিক বাহিনীর মাত্রাতিরিক্ত বল প্রয়োগ বন্ধ করে রোহিঙ্গাদের ফিরিয়ে নিতে মিয়ানমারের প্রতি আহ্বান জানানোয় নাখোশ হয়েছে দেশটির স্টেট কাউন্সিলর অং সান সু চির দপ্তর। ওই বিবৃতি রোহিঙ্গা প্রত্যাবাসন নিয়ে বাংলাদেশের সঙ্গে মিয়ানমারের আলোচনায় বিরূপ প্রভাব ফেলবে বলেও সু চির দপ্তর আশঙ্কা প্রকাশ করেছে। সুচির দপ্তর বলেছে, বাংলাদেশ ও মিয়ানমারের ইস্যুগুলোর সমাধান কেবল দ্বিপক্ষীয়ভাবেই সম্ভব। জাতিসংঘ নিরাপত্তা পরিষদের বিবৃতিতে বিষয়টিকে অগ্রাহ্য করা হয়েছে।</span><br style=\"margin: 0px; padding: 0px; outline: 0px; font-family: \" helvetica=\"\" neue\",=\"\" helvetica,=\"\" arial,=\"\" sans-serif;=\"\" font-size:=\"\" 14px;\"=\"\"><br style=\"margin: 0px; padding: 0px; outline: 0px; font-family: \" helvetica=\"\" neue\",=\"\" helvetica,=\"\" arial,=\"\" sans-serif;=\"\" font-size:=\"\" 14px;\"=\"\"><span style=\"font-family: \" helvetica=\"\" neue\",=\"\" helvetica,=\"\" arial,=\"\" sans-serif;=\"\" font-size:=\"\" 14px;\"=\"\">সুচির দপ্তরের বিবৃতিতে পররাষ্ট্রমন্ত্রী মাহমুদ আলীকে ১৬ থেকে ১৮ নভেম্বর মিয়ানমার সফরে আমন্ত্রণ জানানোর কথা বলা হলেও পররাষ্ট্রমন্ত্রী ওই সময়ে যেতে পারছেন না। কারণ ওই সময়ই রোহিঙ্গা পরিস্থিতি নিয়ে আলোচনার জন্য চীন, জাপান, জার্মানি ও সুইডেনের পররাষ্ট্রমন্ত্রীর বাংলাদেশে আসার কথা রয়েছে।</span><br style=\"margin: 0px; padding: 0px; outline: 0px; font-family: \" helvetica=\"\" neue\",=\"\" helvetica,=\"\" arial,=\"\" sans-serif;=\"\" font-size:=\"\" 14px;\"=\"\"><br style=\"margin: 0px; padding: 0px; outline: 0px; font-family: \" helvetica=\"\" neue\",=\"\" helvetica,=\"\" arial,=\"\" sans-serif;=\"\" font-size:=\"\" 14px;\"=\"\"><span style=\"font-family: \" helvetica=\"\" neue\",=\"\" helvetica,=\"\" arial,=\"\" sans-serif;=\"\" font-size:=\"\" 14px;\"=\"\">রোহিঙ্গা সংকট সমাধানে মিয়ানমারের ওপর বৈশ্বিক চাপ বাড়াতে কূটনৈতিক তৎপরতার অংশ হিসেবে গতকাল বুধবার মিয়ানমারের প্রতিবেশী দেশ ভারত, চীন, থাইল্যান্ড ও লাওসের রাষ্ট্রদূতদের পরিস্থিতি নিয়ে ব্রিফ করার সময়ও বিষয়টি তুলে ধরেন পররাষ্ট্রমন্ত্রী। মাহমুদ আলী জানান, ২০ ও ২১ নভেম্বর আসেমের বৈঠক শেষে ২২ ও ২৩ নভেম্বর মিয়ানমারে অবস্থান করে রোহিঙ্গা ইস্যুতে আলোচনা করতে তিনি রাজি আছেন।</span><br style=\"margin: 0px; padding: 0px; outline: 0px; font-family: \" helvetica=\"\" neue\",=\"\" helvetica,=\"\" arial,=\"\" sans-serif;=\"\" font-size:=\"\" 14px;\"=\"\"><br style=\"margin: 0px; padding: 0px; outline: 0px; font-family: \" helvetica=\"\" neue\",=\"\" helvetica,=\"\" arial,=\"\" sans-serif;=\"\" font-size:=\"\" 14px;\"=\"\"><br style=\"margin: 0px; padding: 0px; outline: 0px; font-family: \" helvetica=\"\" neue\",=\"\" helvetica,=\"\" arial,=\"\" sans-serif;=\"\" font-size:=\"\" 14px;\"=\"\"><span style=\"font-family: \" helvetica=\"\" neue\",=\"\" helvetica,=\"\" arial,=\"\" sans-serif;=\"\" font-size:=\"\" 14px;\"=\"\">ধারণা করা হচ্ছে, রোহিঙ্গা ইস্যুতে আলোচনার জন্য গুরুত্বপূর্ণ চার দেশের পররাষ্ট্রমন্ত্রীদের বাংলাদেশ সফর ঠেকাতেই মিয়ানমার ওই সময়ে মাহমুদ আলীকে নেপিদো সফরের আমন্ত্রণ জানিয়েছে।</span><br style=\"margin: 0px; padding: 0px; outline: 0px; font-family: \" helvetica=\"\" neue\",=\"\" helvetica,=\"\" arial,=\"\" sans-serif;=\"\" font-size:=\"\" 14px;\"=\"\"><br style=\"margin: 0px; padding: 0px; outline: 0px; font-family: \" helvetica=\"\" neue\",=\"\" helvetica,=\"\" arial,=\"\" sans-serif;=\"\" font-size:=\"\" 14px;\"=\"\"><span style=\"font-family: \" helvetica=\"\" neue\",=\"\" helvetica,=\"\" arial,=\"\" sans-serif;=\"\" font-size:=\"\" 14px;\"=\"\">এদিকে আগামী ১৫ নভেম্বর যুক্তরাষ্ট্রের পররাষ্ট্রমন্ত্রী রেক্স টিলারসনের মিয়ানমার সফরে যাওয়ার কথা রয়েছে। এর প্রাক্কালে রোহিঙ্গা পরিস্থিতি সরেজমিনে দেখতে গত সপ্তাহে মিয়ানমার ও বাংলাদেশ সফর করে পররাষ্ট্র দপ্তরের জনসংখ্যা, শরণার্থী ও অভিবাসনবিষয়ক ভারপ্রাপ্ত সহকারী মন্ত্রী সাইমন হ্যানশের নেতৃত্বে উচ্চপর্যায়ের একটি প্রতিনিধিদল। যুক্তরাষ্ট্র পররাষ্ট্র দপ্তরের তথ্য অনুযায়ী, সাইমন হ্যানশ গত মঙ্গলবার রাতে ওয়াশিংটনে পররাষ্ট্র দপ্তরে তাঁর সফর নিয়ে ব্রিফ করেন।</span><br style=\"margin: 0px; padding: 0px; outline: 0px; font-family: \" helvetica=\"\" neue\",=\"\" helvetica,=\"\" arial,=\"\" sans-serif;=\"\" font-size:=\"\" 14px;\"=\"\"><br style=\"margin: 0px; padding: 0px; outline: 0px; font-family: \" helvetica=\"\" neue\",=\"\" helvetica,=\"\" arial,=\"\" sans-serif;=\"\" font-size:=\"\" 14px;\"=\"\"><span style=\"font-family: \" helvetica=\"\" neue\",=\"\" helvetica,=\"\" arial,=\"\" sans-serif;=\"\" font-size:=\"\" 14px;\"=\"\">তিনি বলেন, মিয়ানমারে তাঁরা সরকারি কর্মকর্তা, রোহিঙ্গা ও রাখাইন সম্প্রদায়ের নেতাদের সঙ্গে সাক্ষাৎ এবং সাম্প্রতিক সময়ে অভ্যন্তরীণভাবে বাস্তুচ্যুতদের একটি শিবির পরিদর্শন করেছেন। মিয়ানমার সরকারকে তাঁরা আইনের শাসন পুনঃপ্রতিষ্ঠা, স্থানীয় জনগোষ্ঠীকে সুরক্ষা, মানবাধিকার লঙ্ঘন ও নিপীড়নের অভিযোগগুলো তদন্ত এবং দায়ীদের বিচারের আওতায় আনার আহ্বান জানিয়েছেন।</span><br style=\"margin: 0px; padding: 0px; outline: 0px; font-family: \" helvetica=\"\" neue\",=\"\" helvetica,=\"\" arial,=\"\" sans-serif;=\"\" font-size:=\"\" 14px;\"=\"\"><br style=\"margin: 0px; padding: 0px; outline: 0px; font-family: \" helvetica=\"\" neue\",=\"\" helvetica,=\"\" arial,=\"\" sans-serif;=\"\" font-size:=\"\" 14px;\"=\"\"><span style=\"font-family: \" helvetica=\"\" neue\",=\"\" helvetica,=\"\" arial,=\"\" sans-serif;=\"\" font-size:=\"\" 14px;\"=\"\">বাংলাদেশে আশ্রয় নেওয়া রোহিঙ্গাদের শিবিরগুলো পরিদর্শনের অভিজ্ঞতা তুলে ধরে তিনি বলেন, শিবিরগুলোতে আমরা যা দেখেছি তা বেদনাদায়ক। শরণার্থী সংকটের মাত্রা ব্যাপক। ২৫ আগস্ট থেকে ছয় লাখেরও বেশি বাস্তুচ্যুতির ঘটনা ঘটেছে। তিনি বলেন, পরিস্থিতি কঠিন। মানুষ কষ্ট করছে। অনেক শরণার্থী কাঁদতে কাঁদতে তাদের গ্রামগুলো জ্বালিয়ে দেওয়ার বর্ণনা দিয়েছে। স্বজনদের তাদের সামনেই হত্যা করা হয়েছে। এটি সহ্য করা কঠিন। প্রবল মানসিক আঘাত সত্ত্বেও অনেকে নিরাপত্তা, সুরক্ষা ও অধিকারের নিশ্চয়তা পেলে তাদের বাড়িঘরে ফিরে যেতে জোরালো আগ্রহ দেখিয়েছে।</span>', 'যুক্তরাষ্ট্র', '2017-11-09.INDRO-5a03f74610a53.jpg', '', 2, 0, '2017-11-09 00:35:50', '2017-11-09 04:32:35', NULL),
(21, 1, 'জাতিসংঘের বিবৃতিতে নাখোশ মিয়ানমার', '<span style=\"font-family: \" helvetica=\"\" neue\",=\"\" helvetica,=\"\" arial,=\"\" sans-serif;=\"\" font-size:=\"\" 14px;\"=\"\">আন্তর্জাতিক ডেস্ক, ৮ নভেম্বর : মিয়ানমারে রোহিঙ্গাদের ওপর সহিংসতার বিরুদ্ধে তীব্র নিন্দা জানিয়েছে জাতিসংঘের নিরাপত্তা পরিষদ। পরিষদের সভাপতির এক বিবৃতিতে রাখাইনে রোহিঙ্গা মুসলিমদের ওপর নিরাপত্তা বাহিনীর নৃশংস নির্যাতন ও মানবাধিকার লঙ্ঘনের বিষয়ে গভীর উদ্বেগ প্রকাশ করা হয়েছে।</span><br style=\"margin: 0px; padding: 0px; outline: 0px; font-family: \" helvetica=\"\" neue\",=\"\" helvetica,=\"\" arial,=\"\" sans-serif;=\"\" font-size:=\"\" 14px;\"=\"\"><br style=\"margin: 0px; padding: 0px; outline: 0px; font-family: \" helvetica=\"\" neue\",=\"\" helvetica,=\"\" arial,=\"\" sans-serif;=\"\" font-size:=\"\" 14px;\"=\"\"><span style=\"font-family: \" helvetica=\"\" neue\",=\"\" helvetica,=\"\" arial,=\"\" sans-serif;=\"\" font-size:=\"\" 14px;\"=\"\">এ বিবৃতির জবাবে মিয়ানমারের রাষ্ট্রীয় পরিষদের কার্যালয়ের পাল্টাবিবৃতিতে বলা হয়, জাতিসংঘের নিরাপত্তা পরিষদ যে বিবৃতি দিয়েছে, মিয়ানমার তা দেখেছে। তারা মনে করছে, এ বিবৃতি বাংলাদেশের ও মিয়ানমারের দ্বিপক্ষীয় আলোচনায় বিরূপ প্রভাব পড়তে পারে।</span><br style=\"margin: 0px; padding: 0px; outline: 0px; font-family: \" helvetica=\"\" neue\",=\"\" helvetica,=\"\" arial,=\"\" sans-serif;=\"\" font-size:=\"\" 14px;\"=\"\"><br style=\"margin: 0px; padding: 0px; outline: 0px; font-family: \" helvetica=\"\" neue\",=\"\" helvetica,=\"\" arial,=\"\" sans-serif;=\"\" font-size:=\"\" 14px;\"=\"\"><span style=\"font-family: \" helvetica=\"\" neue\",=\"\" helvetica,=\"\" arial,=\"\" sans-serif;=\"\" font-size:=\"\" 14px;\"=\"\">আজ বুধবার মিয়ানমারের স্টেট কাউন্সেলর সু চির দপ্তরের বিবৃতিতে বলা হয়, নিরাপত্তা পরিষদের সভাপতির এ বিবৃতি বাংলাদেশ ও মিয়ানমারের মধ্যে চলমান আলোচনার জন্য ক্ষতির কারণ হতে পারে। জাতিসংঘের বিবৃতিতে রাখাইন রাজ্যে শান্তি প্রতিষ্ঠা, সংঘাত নিরসন ও পরিস্থিতির উন্নয়নে মিয়ানমারের প্রচেষ্টার বিষয়টি আংশিক উঠে এসেছে।</span><br style=\"margin: 0px; padding: 0px; outline: 0px; font-family: \" helvetica=\"\" neue\",=\"\" helvetica,=\"\" arial,=\"\" sans-serif;=\"\" font-size:=\"\" 14px;\"=\"\"><br style=\"margin: 0px; padding: 0px; outline: 0px; font-family: \" helvetica=\"\" neue\",=\"\" helvetica,=\"\" arial,=\"\" sans-serif;=\"\" font-size:=\"\" 14px;\"=\"\"><span style=\"font-family: \" helvetica=\"\" neue\",=\"\" helvetica,=\"\" arial,=\"\" sans-serif;=\"\" font-size:=\"\" 14px;\"=\"\">সু চি তাঁর বিবৃতিতে বলেছেন, সার্বভৌম রাষ্ট্রের ‘অভ্যন্তরীণ বিষয়ে হস্তক্ষেপ না করার’ বিষয়ে নিরাপত্তা পরিষদের বৈঠকে জোরালো অবস্থান নেওয়া রাষ্ট্রগুলোকে সাধুবাদ জানান তাঁরা।</span><br style=\"margin: 0px; padding: 0px; outline: 0px; font-family: \" helvetica=\"\" neue\",=\"\" helvetica,=\"\" arial,=\"\" sans-serif;=\"\" font-size:=\"\" 14px;\"=\"\"><br style=\"margin: 0px; padding: 0px; outline: 0px; font-family: \" helvetica=\"\" neue\",=\"\" helvetica,=\"\" arial,=\"\" sans-serif;=\"\" font-size:=\"\" 14px;\"=\"\"><span style=\"font-family: \" helvetica=\"\" neue\",=\"\" helvetica,=\"\" arial,=\"\" sans-serif;=\"\" font-size:=\"\" 14px;\"=\"\">বিবৃতিতে বলা হয়েছে, বাংলাদেশ ও মিয়ানমার এখন বন্ধুত্বপূর্ণভাবে দ্বিপক্ষীয় সমস্যা সমাধান করতে পারে। সভাপতির বিবৃতিতে ওই বিষয়ের গুরুত্ব এড়ানো হয়েছে। বাংলাদেশ ও মিয়ানমারের মধ্যে নির্ঝঞ্ঝাটে দ্রুতগতিতে যে আলোচনা চলছে, ওই বিবৃতিতে তা ক্ষতিগ্রস্ত হতে পারে। বাংলাদেশের স্বরাষ্ট্রমন্ত্রী মিয়ানমার কর্তৃপক্ষের সঙ্গে ২৩ থেকে ২৫ অক্টোবর বৈঠকে বসেছিলেন। তাঁরা চুক্তিতে পৌঁছেছেন এবং দুটি গুরুত্বপূর্ণ কাগজে সই করেছেন, যা ইতিবাচকভাবে দুই দেশের সীমান্ত নিরাপত্তায় প্রভাব ফেলবে।</span><br style=\"margin: 0px; padding: 0px; outline: 0px; font-family: \" helvetica=\"\" neue\",=\"\" helvetica,=\"\" arial,=\"\" sans-serif;=\"\" font-size:=\"\" 14px;\"=\"\"><br style=\"margin: 0px; padding: 0px; outline: 0px; font-family: \" helvetica=\"\" neue\",=\"\" helvetica,=\"\" arial,=\"\" sans-serif;=\"\" font-size:=\"\" 14px;\"=\"\"><span style=\"font-family: \" helvetica=\"\" neue\",=\"\" helvetica,=\"\" arial,=\"\" sans-serif;=\"\" font-size:=\"\" 14px;\"=\"\">বিবৃতিতে বলা হয়, রোহিঙ্গাদের প্রত্যাবাসনে বাংলাদেশের সঙ্গে মিয়ানমারের কর্তৃপক্ষ ঘনিষ্ঠ আলোচনা চালিয়ে যাচ্ছে। বাংলাদেশের পররাষ্ট্রমন্ত্রীকে ১৬ থেকে ১৮ নভেম্বর মিয়ানমারে আমন্ত্রণ জানানো হয়েছে। তাঁর ওই সফরে সন্তোষজনক চুক্তিতে পৌঁছানো যেতে পারে।</span>', 'মিয়ানমার', '2017-11-09.INDRO-5a0411bb91c0a.jpg', '', 1, 0, '2017-11-09 02:28:43', '2017-11-09 04:32:26', NULL);

-- --------------------------------------------------------

--
-- Table structure for table `password_resets`
--

CREATE TABLE `password_resets` (
  `email` varchar(255) COLLATE utf8_unicode_ci NOT NULL,
  `token` varchar(255) COLLATE utf8_unicode_ci NOT NULL,
  `created_at` timestamp NULL DEFAULT NULL
) ENGINE=InnoDB DEFAULT CHARSET=utf8 COLLATE=utf8_unicode_ci;

-- --------------------------------------------------------

--
-- Table structure for table `terms`
--

CREATE TABLE `terms` (
  `id` int(10) UNSIGNED NOT NULL,
  `name` varchar(255) COLLATE utf8_unicode_ci NOT NULL,
  `dsc` varchar(255) COLLATE utf8_unicode_ci NOT NULL,
  `slug` varchar(255) COLLATE utf8_unicode_ci NOT NULL,
  `parent` varchar(255) COLLATE utf8_unicode_ci NOT NULL,
  `created_at` timestamp NULL DEFAULT NULL,
  `updated_at` timestamp NULL DEFAULT NULL
) ENGINE=InnoDB DEFAULT CHARSET=utf8 COLLATE=utf8_unicode_ci;

--
-- Dumping data for table `terms`
--

INSERT INTO `terms` (`id`, `name`, `dsc`, `slug`, `parent`, `created_at`, `updated_at`) VALUES
(1, 'জাতীয়', 'জাতীয়', 'জাতীয়', '', '2017-11-08 02:01:20', '2017-11-08 02:01:20'),
(2, 'রাজনীতি', 'রাজনীতি', 'রাজনীতি', '', '2017-11-08 02:01:36', '2017-11-08 02:01:36'),
(3, 'অর্থ ও বাণিজ্য', 'অর্থ ও বাণিজ্য', 'অর্থ ও বাণিজ্য', '', '2017-11-08 02:01:54', '2017-11-08 02:01:54'),
(4, 'শেয়ারবাজার', 'শেয়ারবাজার', 'শেয়ারবাজার', '', '2017-11-08 02:02:05', '2017-11-08 02:02:05'),
(5, 'আন্তর্জাতিক', 'আন্তর্জাতিক', 'আন্তর্জাতিক', '', '2017-11-08 02:02:21', '2017-11-08 02:02:21'),
(6, 'লাইফ স্টাইল', 'লাইফ স্টাইল', 'লাইফ স্টাইল', '', '2017-11-08 02:02:32', '2017-11-08 02:02:32'),
(7, 'স্পোর্টস', 'স্পোর্টস', 'স্পোর্টস', '', '2017-11-08 02:02:42', '2017-11-08 02:02:42'),
(8, 'বিনোদন', 'বিনোদন', 'বিনোদন', '', '2017-11-08 02:02:53', '2017-11-08 02:02:53'),
(9, 'বিজ্ঞান ও প্রযুক্তি', 'বিজ্ঞান ও প্রযুক্তি', 'বিজ্ঞান ও প্রযুক্তি', '', '2017-11-08 02:03:07', '2017-11-08 02:03:07'),
(10, 'ব্যাংক-বীমা', 'ব্যাংক-বীমা', 'ব্যাংক-বীমা', '', '2017-11-08 02:03:22', '2017-11-08 02:03:22'),
(11, 'শিক্ষাঙ্গন', 'শিক্ষাঙ্গন', 'শিক্ষাঙ্গন', '', '2017-11-08 02:03:31', '2017-11-08 02:03:31'),
(12, 'কৌতুক', 'কৌতুক', 'কৌতুক', '', '2017-11-08 02:03:45', '2017-11-08 02:03:45'),
(13, 'ট্যুর এন্ড ট্রাভেলস', 'ট্যুর এন্ড ট্রাভেলস', 'ট্যুর এন্ড ট্রাভেলস', '', '2017-11-08 02:04:28', '2017-11-08 02:04:28'),
(14, 'বিবিধ', 'বিবিধ', 'বিবিধ', '', '2017-11-08 02:05:19', '2017-11-08 02:05:19'),
(15, 'দুর্নীতি', 'দুর্নীতি', 'দুর্নীতি', '14', '2017-11-08 02:06:18', '2017-11-08 02:06:18'),
(16, 'বিভাগীয় খবর', 'বিভাগীয় খবর', 'বিভাগীয় খবর', '', '2017-11-09 02:18:40', '2017-11-09 02:18:40'),
(17, 'ঢাকা', 'ঢাকা', 'ঢাকা', '16', '2017-11-09 02:23:00', '2017-11-09 02:23:00'),
(18, 'চট্টগ্রাম', 'চট্টগ্রাম', 'চট্টগ্রাম', '16', '2017-11-09 02:23:15', '2017-11-09 02:23:15'),
(19, 'খুলনা', 'খুলনা', 'খুলনা', '16', '2017-11-09 02:23:26', '2017-11-09 02:23:26'),
(20, 'বরিশাল', 'বরিশাল', 'বরিশাল', '16', '2017-11-09 02:23:40', '2017-11-09 02:23:40'),
(21, 'রাজশাহী', 'রাজশাহী', 'রাজশাহী', '16', '2017-11-09 02:23:52', '2017-11-09 02:23:52'),
(22, 'সিলেট', 'সিলেট', 'সিলেট', '16', '2017-11-09 02:24:04', '2017-11-09 02:24:04'),
(23, 'রংপুর', 'রংপুর', 'রংপুর', '16', '2017-11-09 02:24:18', '2017-11-09 02:24:18');

-- --------------------------------------------------------

--
-- Table structure for table `term_relations`
--

CREATE TABLE `term_relations` (
  `id` int(10) UNSIGNED NOT NULL,
  `news_id` int(11) NOT NULL,
  `term_id` int(11) NOT NULL,
  `sort_order` int(11) NOT NULL,
  `created_at` timestamp NOT NULL DEFAULT CURRENT_TIMESTAMP ON UPDATE CURRENT_TIMESTAMP,
  `updated_at` timestamp NOT NULL DEFAULT CURRENT_TIMESTAMP ON UPDATE CURRENT_TIMESTAMP
) ENGINE=InnoDB DEFAULT CHARSET=utf8 COLLATE=utf8_unicode_ci;

--
-- Dumping data for table `term_relations`
--

INSERT INTO `term_relations` (`id`, `news_id`, `term_id`, `sort_order`, `created_at`, `updated_at`) VALUES
(2, 3, 5, 0, '2017-11-08 02:22:53', '2017-11-08 02:22:53'),
(3, 3, 8, 0, '2017-11-08 02:22:53', '2017-11-08 02:22:53'),
(4, 4, 1, 0, '2017-11-08 03:09:27', '2017-11-08 03:09:27'),
(5, 4, 2, 0, '2017-11-08 03:09:27', '2017-11-08 03:09:27'),
(7, 6, 8, 0, '2017-11-08 03:12:44', '2017-11-08 03:12:44'),
(11, 9, 1, 0, '2017-11-08 03:18:22', '2017-11-08 03:18:22'),
(12, 9, 2, 0, '2017-11-08 03:18:22', '2017-11-08 03:18:22'),
(13, 10, 8, 0, '2017-11-08 03:19:11', '2017-11-08 03:19:11'),
(14, 11, 8, 0, '2017-11-08 03:19:59', '2017-11-08 03:19:59'),
(15, 8, 2, 0, '2017-11-08 04:32:32', '2017-11-08 04:32:32'),
(16, 7, 2, 0, '2017-11-08 04:32:42', '2017-11-08 04:32:42'),
(17, 5, 2, 0, '2017-11-08 04:32:51', '2017-11-08 04:32:51'),
(18, 12, 2, 0, '2017-11-08 05:01:27', '2017-11-08 05:01:27'),
(19, 13, 5, 0, '2017-11-08 05:02:42', '2017-11-08 05:02:42'),
(20, 14, 1, 0, '2017-11-08 05:12:15', '2017-11-08 05:12:15'),
(21, 15, 8, 0, '2017-11-08 23:08:49', '2017-11-08 23:08:49'),
(22, 16, 5, 0, '2017-11-08 23:18:45', '2017-11-08 23:18:45'),
(23, 17, 5, 0, '2017-11-08 23:24:35', '2017-11-08 23:24:35'),
(24, 17, 6, 0, '2017-11-08 23:24:35', '2017-11-08 23:24:35'),
(25, 18, 5, 0, '2017-11-09 00:28:10', '2017-11-09 00:28:10'),
(26, 19, 1, 0, '2017-11-09 00:34:24', '2017-11-09 00:34:24'),
(27, 19, 2, 0, '2017-11-09 00:34:24', '2017-11-09 00:34:24'),
(31, 21, 14, 0, '2017-11-09 04:32:26', '2017-11-09 04:32:26'),
(32, 20, 15, 0, '2017-11-09 04:32:35', '2017-11-09 04:32:35');

-- --------------------------------------------------------

--
-- Table structure for table `users`
--

CREATE TABLE `users` (
  `id` int(10) UNSIGNED NOT NULL,
  `name` varchar(255) COLLATE utf8_unicode_ci NOT NULL,
  `email` varchar(255) COLLATE utf8_unicode_ci NOT NULL,
  `password` varchar(255) COLLATE utf8_unicode_ci NOT NULL,
  `remember_token` varchar(100) COLLATE utf8_unicode_ci DEFAULT NULL,
  `created_at` timestamp NULL DEFAULT NULL,
  `updated_at` timestamp NULL DEFAULT NULL
) ENGINE=InnoDB DEFAULT CHARSET=utf8 COLLATE=utf8_unicode_ci;

--
-- Dumping data for table `users`
--

INSERT INTO `users` (`id`, `name`, `email`, `password`, `remember_token`, `created_at`, `updated_at`) VALUES
(1, 'INDRO NIL RAY', 'hacktube24@gmail.com', '$2y$10$u95Ef.Zw7F2vd4VuqzQvCu9bUO8bCVhn60TbsIZ3RQf0fbT2ZzuXC', NULL, '2017-11-08 01:40:02', '2017-11-08 01:40:02');

-- --------------------------------------------------------

--
-- Table structure for table `widgets`
--

CREATE TABLE `widgets` (
  `cat_id` int(11) NOT NULL,
  `position` int(11) NOT NULL,
  `created_at` timestamp NULL DEFAULT NULL,
  `updated_at` timestamp NULL DEFAULT NULL
) ENGINE=InnoDB DEFAULT CHARSET=utf8 COLLATE=utf8_unicode_ci;

--
-- Dumping data for table `widgets`
--

INSERT INTO `widgets` (`cat_id`, `position`, `created_at`, `updated_at`) VALUES
(8, 1, NULL, '2017-11-08 04:25:24'),
(8, 2, NULL, '2017-11-08 04:26:10'),
(8, 3, NULL, '2017-11-08 04:26:13'),
(2, 4, NULL, '2017-11-08 04:29:32'),
(8, 5, NULL, '2017-11-08 04:28:09');

--
-- Indexes for dumped tables
--

--
-- Indexes for table `migrations`
--
ALTER TABLE `migrations`
  ADD PRIMARY KEY (`id`);

--
-- Indexes for table `news-posts`
--
ALTER TABLE `news-posts`
  ADD PRIMARY KEY (`id`);

--
-- Indexes for table `password_resets`
--
ALTER TABLE `password_resets`
  ADD KEY `password_resets_email_index` (`email`),
  ADD KEY `password_resets_token_index` (`token`);

--
-- Indexes for table `terms`
--
ALTER TABLE `terms`
  ADD PRIMARY KEY (`id`);

--
-- Indexes for table `term_relations`
--
ALTER TABLE `term_relations`
  ADD PRIMARY KEY (`id`);

--
-- Indexes for table `users`
--
ALTER TABLE `users`
  ADD PRIMARY KEY (`id`),
  ADD UNIQUE KEY `users_email_unique` (`email`);

--
-- AUTO_INCREMENT for dumped tables
--

--
-- AUTO_INCREMENT for table `migrations`
--
ALTER TABLE `migrations`
  MODIFY `id` int(10) UNSIGNED NOT NULL AUTO_INCREMENT, AUTO_INCREMENT=7;

--
-- AUTO_INCREMENT for table `news-posts`
--
ALTER TABLE `news-posts`
  MODIFY `id` int(10) UNSIGNED NOT NULL AUTO_INCREMENT, AUTO_INCREMENT=22;

--
-- AUTO_INCREMENT for table `terms`
--
ALTER TABLE `terms`
  MODIFY `id` int(10) UNSIGNED NOT NULL AUTO_INCREMENT, AUTO_INCREMENT=24;

--
-- AUTO_INCREMENT for table `term_relations`
--
ALTER TABLE `term_relations`
  MODIFY `id` int(10) UNSIGNED NOT NULL AUTO_INCREMENT, AUTO_INCREMENT=33;

--
-- AUTO_INCREMENT for table `users`
--
ALTER TABLE `users`
  MODIFY `id` int(10) UNSIGNED NOT NULL AUTO_INCREMENT, AUTO_INCREMENT=2;
COMMIT;

/*!40101 SET CHARACTER_SET_CLIENT=@OLD_CHARACTER_SET_CLIENT */;
/*!40101 SET CHARACTER_SET_RESULTS=@OLD_CHARACTER_SET_RESULTS */;
/*!40101 SET COLLATION_CONNECTION=@OLD_COLLATION_CONNECTION */;
